#
# A fatal error has been detected by the Java Runtime Environment:
#
#  SIGSEGV (0xb) at pc=0x00007b95a46c41d1, pid=12241, tid=12241
#
# JRE version: OpenJDK Runtime Environment Temurin-11.0.13+8 (11.0.13+8) (build 11.0.13+8)
# Java VM: OpenJDK 64-Bit Server VM Temurin-11.0.13+8 (11.0.13+8, mixed mode, tiered, compressed oops, g1 gc, linux-amd64)
# Problematic frame:
# C  [libc.so.6+0xc41d1]
#
# Core dump will be written. Default location: Core dumps may be processed with "/usr/share/apport/apport -p%p -s%s -c%c -d%d -P%P -u%u -g%g -- %E" (or dumping to /home/frocha/UPEC/enseignement/ancs1/numerical_analysis/core.12241)
#
# If you would like to submit a bug report, please visit:
#   https://github.com/adoptium/adoptium-support/issues
# The crash happened outside the Java Virtual Machine in native code.
# See problematic frame for where to report the bug.
#

---------------  S U M M A R Y ------------

Command Line: -Dosgi.splashPath=platform:/base/plugins/com.comsol.guimph/ -Dosgi.clean=true -Dorg.osgi.service.log.admin.loglevel=DEBUG -Dosgi.configuration.cascaded=true -Dosgi.checkConfiguration=true -Dosgi.sharedConfiguration.area=file:configuration/comsol -Dosgi.sharedConfiguration.area.readOnly=true -Dosgi.configuration.area=@user.home/.comsol/v60/configuration/comsol -Dosgi.instance.area=@user.home/.comsol/v60/workspace/comsol -Declipse.security= -Djava.security.policy=${osgi.install.area}/bin/glnxa64/comsol.policy -Dcs.logoutput=file -Dcs.logfileprefix=comsol -Dcs.client=true -Xss4m -Xms40m -Xmx2g -XX:MaxMetaspaceSize=1g -Dlog4j2.formatMsgNoLookups=true -Dcs.ckl 

Host: Intel(R) Xeon(R) w7-3445, 40 cores, 125G, Ubuntu 22.04.5 LTS
Time: Thu Oct 10 17:13:04 2024 CEST elapsed time: 12.175293 seconds (0d 0h 0m 12s)

---------------  T H R E A D  ---------------

Current thread (0x0000000001d90000):  JavaThread "main" [_thread_in_native, id=12241, stack(0x00007fff49dd5000,0x00007fff4a1d5000)]

Stack: [0x00007fff49dd5000,0x00007fff4a1d5000],  sp=0x00007fff4a1cf568,  free space=4073k
Native frames: (J=compiled Java code, A=aot compiled Java code, j=interpreted, Vv=VM code, C=native code)
C  [libc.so.6+0xc41d1]

Java frames: (J=compiled Java code, j=interpreted, Vv=VM code)
j  org.eclipse.swt.internal.webkit.WebKitGTK.webkit_web_context_get_default()J+0
j  org.eclipse.swt.browser.WebKit$WebKitExtension.init()V+62
j  org.eclipse.swt.browser.WebKit.<clinit>()V+131
v  ~StubRoutines::call_stub
j  org.eclipse.swt.browser.BrowserFactory.createWebBrowser(I)Lorg/eclipse/swt/browser/WebBrowser;+16
j  org.eclipse.swt.browser.Browser.<init>(Lorg/eclipse/swt/widgets/Composite;I)V+54
j  com.comsol.widgets.tk.swt.SWTWebBrowser.b(Lorg/eclipse/swt/widgets/Composite;)Lorg/eclipse/swt/widgets/Control;+8
j  com.comsol.widgets.tk.swt.SWTWidget.c(Lorg/eclipse/swt/widgets/Composite;)V+3
j  com.comsol.widgets.tk.swt.SWTGridPanel.a(Lcom/comsol/widgets/tk/swt/SWTWidget;)V+5
j  com.comsol.widgets.tk.swt.SWTContainer.c(Lcom/comsol/widgets/tk/swt/SWTWidget;)V+2
j  com.comsol.widgets.tk.swt.SWTWidget.a(Lcom/comsol/widgets/tk/interfaces/ITkContainer;)V+12
j  com.comsol.widgets.CsWidget.aJ()V+89
j  com.comsol.widgets.CsContainer.N()V+24
j  com.comsol.widgets.CsContainer.bu_()V+116
j  com.comsol.widgets.CsWidget.aJ()V+95
j  com.comsol.widgets.CsContainer.N()V+24
j  com.comsol.widgets.CsContainer.bu_()V+116
j  com.comsol.widgets.CsWidget.aJ()V+95
j  com.comsol.widgets.CsContainer.N()V+24
j  com.comsol.widgets.CsContainer.bu_()V+116
j  com.comsol.widgets.CsWidget.aJ()V+95
j  com.comsol.widgets.CsContainer.N()V+24
j  com.comsol.widgets.CsContainer.bu_()V+116
j  com.comsol.widgets.CsContentPanel.bu_()V+1
j  com.comsol.widgets.CsWidget.aJ()V+95
j  com.comsol.widgets.CsContainer.N()V+24
j  com.comsol.widgets.CsContainer.bu_()V+83
j  com.comsol.widgets.CsContentPanel.bu_()V+1
j  com.comsol.widgets.CsContentPanel.a(Ljava/lang/Object;)V+106
j  com.comsol.widgets.CsWindow.postToolkitInit()V+59
j  com.comsol.widgets.CsDialog.postToolkitInit()V+1
j  com.comsol.widgets.CsWindow.init()V+29
j  com.comsol.widgets.CsWindow$3.runTask()V+14
j  com.comsol.widgets.EventQueueTask.run()V+1
j  com.comsol.widgets.CsToolkitDisplay.b(Lcom/comsol/widgets/EventQueueTask;)V+13
j  com.comsol.widgets.CsWindow.show()V+33
j  com.comsol.gui.swt.SWTDesktop.showDialog(Ljava/lang/String;ZZ)V+286
j  com.comsol.gui.ViewManager.showDialogAsync(Lcom/comsol/gui/views/ViewInfo;ZZ)V+76
j  com.comsol.gui.ViewManager.showDialogAsync(Lcom/comsol/gui/views/ViewInfo;Z)V+4
j  com.comsol.guiclient.a.a(Lcom/comsol/communication/ndata/NView;)V+54
j  com.comsol.guiclient.a.a(Lcom/comsol/communication/ndata/NDialogContent;)V+32
j  com.comsol.guiclient.MainWindow.a(Lcom/comsol/communication/CommandAnswer;Lcom/comsol/communication/ndata/NMainWindow;)V+904
j  com.comsol.guiclient.MainWindow.b(Lcom/comsol/communication/CommandAnswer;)V+57
j  com.comsol.guiclient.MainWindow.a(Lcom/comsol/communication/CommandAnswer;)V+16
j  com.comsol.guiclient.MainWindow.b(Lcom/comsol/guiclient/MainWindow;Lcom/comsol/communication/CommandAnswer;)V+2
j  com.comsol.guiclient.MainWindow$4.runTask()V+29
j  com.comsol.guiclient.f$a.runTask()V+4
j  com.comsol.widgets.EventQueueTask.run()V+1
j  org.eclipse.swt.widgets.RunnableLock.run(Lorg/eclipse/swt/widgets/Display;)V+11
J 11227 c1 org.eclipse.swt.widgets.Synchronizer.runAsyncMessages(Z)Z (188 bytes) @ 0x00007b9580d46924 [0x00007b9580d46680+0x00000000000002a4]
J 10900 c1 org.eclipse.swt.widgets.Display.readAndDispatch()Z (88 bytes) @ 0x00007b9580c6120c [0x00007b9580c60d00+0x000000000000050c]
j  org.eclipse.e4.ui.internal.workbench.swt.PartRenderingEngine$5.run()V+564
j  org.eclipse.core.databinding.observable.Realm.runWithDefault(Lorg/eclipse/core/databinding/observable/Realm;Ljava/lang/Runnable;)V+12
j  org.eclipse.e4.ui.internal.workbench.swt.PartRenderingEngine.run(Lorg/eclipse/e4/ui/model/application/MApplicationElement;Lorg/eclipse/e4/core/contexts/IEclipseContext;)Ljava/lang/Object;+57
j  org.eclipse.e4.ui.internal.workbench.E4Workbench.createAndRunUI(Lorg/eclipse/e4/ui/model/application/MApplicationElement;)V+20
j  org.eclipse.ui.internal.Workbench.lambda$3(Lorg/eclipse/swt/widgets/Display;Lorg/eclipse/ui/application/WorkbenchAdvisor;[I)V+393
j  org.eclipse.ui.internal.Workbench$$Lambda$219.run()V+12
j  org.eclipse.core.databinding.observable.Realm.runWithDefault(Lorg/eclipse/core/databinding/observable/Realm;Ljava/lang/Runnable;)V+12
j  org.eclipse.ui.internal.Workbench.createAndRunWorkbench(Lorg/eclipse/swt/widgets/Display;Lorg/eclipse/ui/application/WorkbenchAdvisor;)I+16
j  org.eclipse.ui.PlatformUI.createAndRunWorkbench(Lorg/eclipse/swt/widgets/Display;Lorg/eclipse/ui/application/WorkbenchAdvisor;)I+2
j  com.comsol.gui.swt.SWTDesktop.open()V+38
j  com.comsol.gui.DesktopWindow.open()V+4
j  com.comsol.gui.CsApplication.startApplication()Lcom/comsol/gui/DesktopWindow;+21
j  com.comsol.guiclient.CsClientApplication.doStart([Ljava/lang/String;)Ljava/lang/Object;+30
j  com.comsol.util.application.ComsolApplication.doStart([Ljava/lang/String;)Ljava/lang/Object;+1478
j  com.comsol.util.application.CsBaseApplication.start(Lorg/eclipse/equinox/app/IApplicationContext;)Ljava/lang/Object;+689
j  org.eclipse.equinox.internal.app.EclipseAppHandle.run(Ljava/lang/Object;)Ljava/lang/Object;+138
j  org.eclipse.core.runtime.internal.adaptor.EclipseAppLauncher.runApplication(Ljava/lang/Object;)Ljava/lang/Object;+85
j  org.eclipse.core.runtime.internal.adaptor.EclipseAppLauncher.start(Ljava/lang/Object;)Ljava/lang/Object;+79
j  org.eclipse.core.runtime.adaptor.EclipseStarter.run(Ljava/lang/Object;)Ljava/lang/Object;+99
j  org.eclipse.core.runtime.adaptor.EclipseStarter.run([Ljava/lang/String;Ljava/lang/Runnable;)Ljava/lang/Object;+132
v  ~StubRoutines::call_stub
j  jdk.internal.reflect.NativeMethodAccessorImpl.invoke0(Ljava/lang/reflect/Method;Ljava/lang/Object;[Ljava/lang/Object;)Ljava/lang/Object;+0 java.base@11.0.13
j  jdk.internal.reflect.NativeMethodAccessorImpl.invoke(Ljava/lang/Object;[Ljava/lang/Object;)Ljava/lang/Object;+100 java.base@11.0.13
j  jdk.internal.reflect.DelegatingMethodAccessorImpl.invoke(Ljava/lang/Object;[Ljava/lang/Object;)Ljava/lang/Object;+6 java.base@11.0.13
j  java.lang.reflect.Method.invoke(Ljava/lang/Object;[Ljava/lang/Object;)Ljava/lang/Object;+59 java.base@11.0.13
j  org.eclipse.equinox.launcher.Main.invokeFramework([Ljava/lang/String;[Ljava/net/URL;)V+201
j  org.eclipse.equinox.launcher.Main.basicRun([Ljava/lang/String;)V+159
j  org.eclipse.equinox.launcher.Main.run([Ljava/lang/String;)I+4
v  ~StubRoutines::call_stub

siginfo: si_signo: 11 (SIGSEGV), si_code: 1 (SEGV_MAPERR), si_addr: 0x0000000000000000

Register to memory mapping:

RAX=0x0 is NULL
RBX=0x00007b953dadad50: __once_proxy+0x0000000000000000 in /lib/x86_64-linux-gnu/libstdc++.so.6 at 0x00007b953da00000
RCX=0x0000000000000001 is an unknown value
RDX=0x0000000000000056 is an unknown value
RSP=0x00007fff4a1cf568 is pointing into the stack for thread: 0x0000000001d90000
RBP=0x00007fff4a1cf580 is pointing into the stack for thread: 0x0000000001d90000
RSI=0x00007b91d2ddbce2: <offset 0x00000000039dbce2> in /lib/x86_64-linux-gnu/libwebkit2gtk-4.0.so.37 at 0x00007b91cf400000
RDI=0x0 is NULL
R8 =0x00007b959f48ee90: <offset 0x0000000000018e90> in /lib/x86_64-linux-gnu/libGL.so.1 at 0x00007b959f476000
R9 =0x00007b959f48ee90: <offset 0x0000000000018e90> in /lib/x86_64-linux-gnu/libGL.so.1 at 0x00007b959f476000
R10=0x00007b959f48ee90: <offset 0x0000000000018e90> in /lib/x86_64-linux-gnu/libGL.so.1 at 0x00007b959f476000
R11=0x0 is NULL
R12=0x00007b941e03c180 points into unknown readable memory: 0x00007b91d3e03360 | 60 33 e0 d3 91 7b 00 00
R13=0x0 is NULL
R14=0x00007fff4a1cf768 is pointing into the stack for thread: 0x0000000001d90000
R15=0x00007b91d2bf4460: <offset 0x00000000037f4460> in /lib/x86_64-linux-gnu/libwebkit2gtk-4.0.so.37 at 0x00007b91cf400000


Registers:
RAX=0x0000000000000000, RBX=0x00007b953dadad50, RCX=0x0000000000000001, RDX=0x0000000000000056
RSP=0x00007fff4a1cf568, RBP=0x00007fff4a1cf580, RSI=0x00007b91d2ddbce2, RDI=0x0000000000000000
R8 =0x00007b959f48ee90, R9 =0x00007b959f48ee90, R10=0x00007b959f48ee90, R11=0x0000000000000000
R12=0x00007b941e03c180, R13=0x0000000000000000, R14=0x00007fff4a1cf768, R15=0x00007b91d2bf4460
RIP=0x00007b95a46c41d1, EFLAGS=0x0000000000010297, CSGSFS=0x002b000000000033, ERR=0x0000000000000004
  TRAPNO=0x000000000000000e

Top of Stack: (sp=0x00007fff4a1cf568)
0x00007fff4a1cf568:   00007b91d01becc0 00007b953dc25778
0x00007fff4a1cf578:   0000000000000000 0000000000000000
0x00007fff4a1cf588:   0000000000000000 0000000000000000
0x00007fff4a1cf598:   0000000000000000 00007b941e020270 

Instructions: (pc=0x00007b95a46c41d1)
0x00007b95a46c40d1:   31 c9 66 0f 74 c4 66 0f d7 d0 49 83 c0 30 0f 8e
0x00007b95a46c40e1:   6b f8 ff ff 48 85 d2 0f 85 a2 f6 ff ff 66 0f 74
0x00007b95a46c40f1:   c5 66 0f d7 d0 f3 0f 7f 27 48 83 c1 10 49 83 e8
0x00007b95a46c4101:   10 0f 86 48 f8 ff ff 48 85 d2 0f 85 7f f6 ff ff
0x00007b95a46c4111:   66 0f 74 c6 66 0f d7 d0 f3 0f 7f 6f 10 48 83 c1
0x00007b95a46c4121:   10 49 83 e8 10 0f 86 24 f8 ff ff 48 85 d2 0f 85
0x00007b95a46c4131:   5b f6 ff ff 66 0f 74 c7 66 0f d7 d0 f3 0f 7f 77
0x00007b95a46c4141:   20 48 8d 7c 0f 10 48 8d 74 0e 10 48 0f bc d2 4c
0x00007b95a46c4151:   39 c2 0f 82 37 f7 ff ff 4c 8d 1d 74 f3 10 00 4b
0x00007b95a46c4161:   63 0c 83 49 8d 0c 0b 3e ff e1 0f 1f 44 00 00 c3
0x00007b95a46c4171:   66 66 2e 0f 1f 84 00 00 00 00 00 0f 1f 40 00 f3
0x00007b95a46c4181:   0f 1e fa 0f b6 06 84 c0 0f 84 98 01 00 00 0f b6
0x00007b95a46c4191:   56 01 84 d2 0f 84 b5 00 00 00 66 0f 6e c8 66 0f
0x00007b95a46c41a1:   6e d2 48 89 f8 25 ff 0f 00 00 66 0f 60 c9 48 3d
0x00007b95a46c41b1:   bf 0f 00 00 66 0f 60 d2 66 0f 61 c9 66 0f 61 d2
0x00007b95a46c41c1:   66 0f 70 c9 00 66 0f 70 d2 00 0f 87 ff 02 00 00
0x00007b95a46c41d1:   f3 0f 6f 1f 66 0f ef ed f3 0f 6f 67 01 66 0f 6f
0x00007b95a46c41e1:   f3 66 0f 74 d9 66 0f 74 e2 f3 0f 6f 47 10 66 0f
0x00007b95a46c41f1:   74 f5 66 0f da dc 66 0f 6f e3 f3 0f 6f 5f 11 66
0x00007b95a46c4201:   0f 74 e8 66 0f 74 da 66 0f eb e6 66 0f 74 c1 66
0x00007b95a46c4211:   0f da c3 66 0f eb c5 66 44 0f d7 c4 66 0f d7 c0
0x00007b95a46c4221:   48 c1 e0 10 49 09 c0 74 66 49 0f bc c0 48 01 f8
0x00007b95a46c4231:   80 38 00 74 3e 0f b6 56 02 84 d2 74 35 3a 50 02
0x00007b95a46c4241:   75 3d 31 d2 eb 23 66 0f 1f 84 00 00 00 00 00 0f
0x00007b95a46c4251:   b6 f0 e9 b8 5f ff ff 0f 1f 84 00 00 00 00 00 48
0x00007b95a46c4261:   83 c2 01 3a 4c 10 02 75 16 0f b6 4c 16 03 84 c9
0x00007b95a46c4271:   75 ed c3 31 c0 c3 66 0f 1f 84 00 00 00 00 00 49
0x00007b95a46c4281:   8d 40 ff 49 21 c0 75 a1 0f 1f 80 00 00 00 00 f3
0x00007b95a46c4291:   0f 6f 5f 20 66 0f ef ed f3 0f 6f 67 21 66 0f 6f
0x00007b95a46c42a1:   f3 66 0f 74 d9 66 0f 74 e2 f3 0f 6f 47 30 66 0f
0x00007b95a46c42b1:   74 f5 66 0f da dc 66 0f 6f e3 f3 0f 6f 5f 31 66
0x00007b95a46c42c1:   0f 74 e8 66 0f 74 da 66 0f eb e6 66 0f 74 c1 66 


Stack slot to memory mapping:
stack at sp + 0 slots: 0x00007b91d01becc0: <offset 0x0000000000dbecc0> in /lib/x86_64-linux-gnu/libwebkit2gtk-4.0.so.37 at 0x00007b91cf400000
stack at sp + 1 slots: 0x00007b953dc25778: <offset 0x0000000000225778> in /lib/x86_64-linux-gnu/libstdc++.so.6 at 0x00007b953da00000
stack at sp + 2 slots: 0x0 is NULL
stack at sp + 3 slots: 0x0 is NULL
stack at sp + 4 slots: 0x0 is NULL
stack at sp + 5 slots: 0x0 is NULL
stack at sp + 6 slots: 0x0 is NULL
stack at sp + 7 slots: 0x00007b941e020270 points into unknown readable memory: 0x00007b941e03c180 | 80 c1 03 1e 94 7b 00 00


---------------  P R O C E S S  ---------------

Threads class SMR info:
_java_thread_list=0x00007b95340f2e30, length=44, elements={
0x0000000001d90000, 0x0000000001e0f000, 0x0000000001b88800, 0x0000000001baa800,
0x0000000001b9e800, 0x0000000001ba6800, 0x0000000001ba2800, 0x0000000001b96800,
0x0000000001b7e800, 0x000000000222c000, 0x0000000002286800, 0x0000000002213800,
0x00000000022b2000, 0x0000000002346800, 0x00007b94b4053000, 0x00000000022a3000,
0x00000000024b0000, 0x00000000024b2000, 0x00000000025e6000, 0x00000000025eb000,
0x00000000025c6800, 0x00007b934c001800, 0x000000000271f800, 0x0000000002796800,
0x00000000028e3000, 0x0000000002b7a000, 0x0000000002b7c000, 0x00007b933c001800,
0x00000000030c0800, 0x0000000003386800, 0x00000000034b7000, 0x00000000034dd000,
0x00007b92c4002800, 0x00007b92bcd0e000, 0x00007b92bcd10000, 0x00007b92bcd11800,
0x00007b92bcd13000, 0x00007b92bd155000, 0x000000000490b000, 0x0000000005450000,
0x0000000005791000, 0x00007b91e8a58800, 0x00007b91e844d800, 0x00007b95340f2800
}

Java Threads: ( => current thread )
=>0x0000000001d90000 JavaThread "main" [_thread_in_native, id=12241, stack(0x00007fff49dd5000,0x00007fff4a1d5000)]
  0x0000000001e0f000 JavaThread "Reference Handler" daemon [_thread_blocked, id=12252, stack(0x00007b957c400000,0x00007b957c800000)]
  0x0000000001b88800 JavaThread "Finalizer" daemon [_thread_blocked, id=12253, stack(0x00007b9575400000,0x00007b9575800000)]
  0x0000000001baa800 JavaThread "Signal Dispatcher" daemon [_thread_blocked, id=12254, stack(0x00007b9575000000,0x00007b9575400000)]
  0x0000000001b9e800 JavaThread "Service Thread" daemon [_thread_blocked, id=12255, stack(0x00007b9574c00000,0x00007b9575000000)]
  0x0000000001ba6800 JavaThread "C2 CompilerThread0" daemon [_thread_blocked, id=12256, stack(0x00007b95944e9000,0x00007b95945e9000)]
  0x0000000001ba2800 JavaThread "C1 CompilerThread0" daemon [_thread_blocked, id=12257, stack(0x00007b95943e9000,0x00007b95944e9000)]
  0x0000000001b96800 JavaThread "Sweeper thread" daemon [_thread_blocked, id=12258, stack(0x00007b9574800000,0x00007b9574c00000)]
  0x0000000001b7e800 JavaThread "Common-Cleaner" daemon [_thread_blocked, id=12261, stack(0x00007b9574400000,0x00007b9574800000)]
  0x000000000222c000 JavaThread "Active Thread: Equinox Container: e299d60e-3d29-4204-8899-3b261fcddbba" [_thread_blocked, id=12275, stack(0x00007b9562600000,0x00007b9562a00000)]
  0x0000000002286800 JavaThread "Framework Event Dispatcher: Equinox Container: e299d60e-3d29-4204-8899-3b261fcddbba" daemon [_thread_blocked, id=12279, stack(0x00007b9562200000,0x00007b9562600000)]
  0x0000000002213800 JavaThread "Start Level: Equinox Container: e299d60e-3d29-4204-8899-3b261fcddbba" daemon [_thread_blocked, id=12280, stack(0x00007b9561e00000,0x00007b9562200000)]
  0x00000000022b2000 JavaThread "Refresh Thread: Equinox Container: e299d60e-3d29-4204-8899-3b261fcddbba" daemon [_thread_blocked, id=12281, stack(0x00007b9561a00000,0x00007b9561e00000)]
  0x0000000002346800 JavaThread "Bundle File Closer" daemon [_thread_blocked, id=12300, stack(0x00007b9554e00000,0x00007b9555200000)]
  0x00007b94b4053000 JavaThread "SCR Component Actor" daemon [_thread_blocked, id=12328, stack(0x00007b953f800000,0x00007b953fc00000)]
  0x00000000022a3000 JavaThread "Timer-0" [_thread_blocked, id=12329, stack(0x00007b953f400000,0x00007b953f800000)]
  0x00000000024b0000 JavaThread "Java2D Disposer" daemon [_thread_blocked, id=12337, stack(0x00007b9532c00000,0x00007b9533000000)]
  0x00000000024b2000 JavaThread "AWT-XAWT" daemon [_thread_in_native, id=12338, stack(0x00007b9532800000,0x00007b9532c00000)]
  0x00000000025e6000 JavaThread "Equinox Log Thread - Equinox Container: e299d60e-3d29-4204-8899-3b261fcddbba" daemon [_thread_blocked, id=12339, stack(0x00007b9532400000,0x00007b9532800000)]
  0x00000000025eb000 JavaThread "Equinox Log Thread - Equinox Container: e299d60e-3d29-4204-8899-3b261fcddbba" daemon [_thread_blocked, id=12340, stack(0x00007b9532000000,0x00007b9532400000)]
  0x00000000025c6800 JavaThread "Equinox Log Thread - Equinox Container: e299d60e-3d29-4204-8899-3b261fcddbba" daemon [_thread_blocked, id=12341, stack(0x00007b9531c00000,0x00007b9532000000)]
  0x00007b934c001800 JavaThread "Equinox Log Thread - Equinox Container: e299d60e-3d29-4204-8899-3b261fcddbba" daemon [_thread_blocked, id=12342, stack(0x00007b9531800000,0x00007b9531c00000)]
  0x000000000271f800 JavaThread "Worker-JM" [_thread_blocked, id=12343, stack(0x00007b9531400000,0x00007b9531800000)]
  0x0000000002796800 JavaThread "Worker-0" [_thread_blocked, id=12344, stack(0x00007b9531000000,0x00007b9531400000)]
  0x00000000028e3000 JavaThread "Thread-5" daemon [_thread_blocked, id=12345, stack(0x00007b9518200000,0x00007b9518600000)]
  0x0000000002b7a000 JavaThread "RndMsgPump" [_thread_in_native, id=12357, stack(0x00007b94de800000,0x00007b94dec00000)]
  0x0000000002b7c000 JavaThread "LocalMsgPump" [_thread_in_native, id=12358, stack(0x00007b94de400000,0x00007b94de800000)]
  0x00007b933c001800 JavaThread "Worker-1" [_thread_blocked, id=12365, stack(0x00007b94df601000,0x00007b94dfe01000)]
  0x00000000030c0800 JavaThread "Equinox Log Thread - Equinox Container: e299d60e-3d29-4204-8899-3b261fcddbba" daemon [_thread_blocked, id=12369, stack(0x00007b94dec01000,0x00007b94df401000)]
  0x0000000003386800 JavaThread "clientcommunicator" daemon [_thread_blocked, id=12370, stack(0x00007b94b8200000,0x00007b94b8600000)]
  0x00000000034b7000 JavaThread "BridgeRndEvent" daemon [_thread_blocked, id=12371, stack(0x00007b94afa00000,0x00007b94afe00000)]
  0x00000000034dd000 JavaThread "Blocking-0" [_thread_blocked, id=12372, stack(0x00007b94af600000,0x00007b94afa00000)]
  0x00007b92c4002800 JavaThread "BlockingImpl-0" [_thread_blocked, id=12373, stack(0x00007b94af200000,0x00007b94af600000)]
  0x00007b92bcd0e000 JavaThread "process reaper" daemon [_thread_blocked, id=12401, stack(0x00007b95a10db000,0x00007b95a10fd000)]
  0x00007b92bcd10000 JavaThread "pool-4-thread-1" [_thread_blocked, id=12402, stack(0x00007b9488200000,0x00007b9488600000)]
  0x00007b92bcd11800 JavaThread "pool-5-thread-1" [_thread_blocked, id=12403, stack(0x00007b947fc00000,0x00007b9480000000)]
  0x00007b92bcd13000 JavaThread "pool-6-thread-1" [_thread_blocked, id=12404, stack(0x00007b947f800000,0x00007b947fc00000)]
  0x00007b92bd155000 JavaThread "WidgetRecorderBuffer" daemon [_thread_blocked, id=12415, stack(0x00007b947e200000,0x00007b947e600000)]
  0x000000000490b000 JavaThread "pool-11-thread-1" [_thread_blocked, id=12431, stack(0x00007b9470401000,0x00007b9470c01000)]
  0x0000000005450000 JavaThread "EventAdmin Async Event Dispatcher Thread" daemon [_thread_blocked, id=12450, stack(0x00007b9467601000,0x00007b9467e01000)]
  0x0000000005791000 JavaThread "pool-11-thread-2" [_thread_blocked, id=12452, stack(0x00007b9466c01000,0x00007b9467401000)]
  0x00007b91e8a58800 JavaThread "BrgRndMsg-0" [_thread_blocked, id=12453, stack(0x00007b9470e01000,0x00007b9471601000)]
  0x00007b91e844d800 JavaThread "pool-11-thread-3" [_thread_blocked, id=12454, stack(0x00007b9464c00000,0x00007b9465000000)]
  0x00007b95340f2800 JavaThread "C1 CompilerThread1" daemon [_thread_blocked, id=12456, stack(0x00007b954b400000,0x00007b954b800000)]

Other Threads:
  0x0000000001dee800 VMThread "VM Thread" [stack: 0x00007b95945eb000,0x00007b95946eb000] [id=12251]
  0x0000000001bab000 WatcherThread [stack: 0x00007b95941e9000,0x00007b95942e9000] [id=12260]
  0x0000000001e0d000 GCTaskThread "GC Thread#0" [stack: 0x00007b95a286c000,0x00007b95a296c000] [id=12246]
  0x00007b9558001000 GCTaskThread "GC Thread#1" [stack: 0x00007b957c100000,0x00007b957c200000] [id=12276]
  0x00007b9558002800 GCTaskThread "GC Thread#2" [stack: 0x00007b9574100000,0x00007b9574200000] [id=12277]
  0x00007b9558004000 GCTaskThread "GC Thread#3" [stack: 0x00007b956df00000,0x00007b956e000000] [id=12278]
  0x00007b9558416800 GCTaskThread "GC Thread#4" [stack: 0x00007b95481fe000,0x00007b95482fe000] [id=12330]
  0x00007b9558417000 GCTaskThread "GC Thread#5" [stack: 0x00007b95480fc000,0x00007b95481fc000] [id=12331]
  0x00007b9558464000 GCTaskThread "GC Thread#6" [stack: 0x00007b953ec00000,0x00007b953ed00000] [id=12353]
  0x00007b9558465000 GCTaskThread "GC Thread#7" [stack: 0x00007b953eafe000,0x00007b953ebfe000] [id=12354]
  0x00007b9558465800 GCTaskThread "GC Thread#8" [stack: 0x00007b953e300000,0x00007b953e400000] [id=12355]
  0x00007b9558467000 GCTaskThread "GC Thread#9" [stack: 0x00007b953e1fe000,0x00007b953e2fe000] [id=12356]
  0x00007b955846a800 GCTaskThread "GC Thread#10" [stack: 0x00007b9561700000,0x00007b9561800000] [id=12361]
  0x00007b955846b800 GCTaskThread "GC Thread#11" [stack: 0x00007b95615fe000,0x00007b95616fe000] [id=12362]
  0x00007b955846d000 GCTaskThread "GC Thread#12" [stack: 0x00007b95614fc000,0x00007b95615fc000] [id=12363]
  0x00007b955846e000 GCTaskThread "GC Thread#13" [stack: 0x00007b95613fa000,0x00007b95614fa000] [id=12364]
  0x00007b9558470000 GCTaskThread "GC Thread#14" [stack: 0x00007b95612f8000,0x00007b95613f8000] [id=12366]
  0x00007b9558471000 GCTaskThread "GC Thread#15" [stack: 0x00007b953dd00000,0x00007b953de00000] [id=12367]
  0x00007b95584aa000 GCTaskThread "GC Thread#16" [stack: 0x00007b953d6bb000,0x00007b953d7bb000] [id=12374]
  0x00007b95584ab800 GCTaskThread "GC Thread#17" [stack: 0x00007b953d100000,0x00007b953d200000] [id=12375]
  0x00007b95584ad000 GCTaskThread "GC Thread#18" [stack: 0x00007b953cffe000,0x00007b953d0fe000] [id=12376]
  0x00007b95584ae800 GCTaskThread "GC Thread#19" [stack: 0x00007b953cefc000,0x00007b953cffc000] [id=12377]
  0x00007b95584b3000 GCTaskThread "GC Thread#20" [stack: 0x00007b9533dfe000,0x00007b9533efe000] [id=12405]
  0x00007b95584b4000 GCTaskThread "GC Thread#21" [stack: 0x00007b9533900000,0x00007b9533a00000] [id=12406]
  0x00007b95584b4800 GCTaskThread "GC Thread#22" [stack: 0x00007b9530f00000,0x00007b9531000000] [id=12407]
  0x00007b95584b5800 GCTaskThread "GC Thread#23" [stack: 0x00007b9530dfe000,0x00007b9530efe000] [id=12408]
  0x00007b95584b7000 GCTaskThread "GC Thread#24" [stack: 0x00007b9530cfc000,0x00007b9530dfc000] [id=12409]
  0x00007b95584b8000 GCTaskThread "GC Thread#25" [stack: 0x00007b9530900000,0x00007b9530a00000] [id=12410]
  0x00007b95583b7800 GCTaskThread "GC Thread#26" [stack: 0x00007b95307fe000,0x00007b95308fe000] [id=12448]
  0x00007b95583b8800 GCTaskThread "GC Thread#27" [stack: 0x00007b9527d0d000,0x00007b9527e0d000] [id=12449]
  0x0000000001e0b000 ConcurrentGCThread "G1 Main Marker" [stack: 0x00007b959d47a000,0x00007b959d57a000] [id=12247]
  0x0000000001e09000 ConcurrentGCThread "G1 Conc#0" [stack: 0x00007b959d100000,0x00007b959d200000] [id=12248]
  0x00007b9570001000 ConcurrentGCThread "G1 Conc#1" [stack: 0x00007b956d300000,0x00007b956d400000] [id=12322]
  0x00007b9570002800 ConcurrentGCThread "G1 Conc#2" [stack: 0x00007b956c100000,0x00007b956c200000] [id=12323]
  0x00007b9570004000 ConcurrentGCThread "G1 Conc#3" [stack: 0x00007b9563f00000,0x00007b9564000000] [id=12324]
  0x00007b9570006000 ConcurrentGCThread "G1 Conc#4" [stack: 0x00007b9560100000,0x00007b9560200000] [id=12325]
  0x00007b9570007800 ConcurrentGCThread "G1 Conc#5" [stack: 0x00007b9554100000,0x00007b9554200000] [id=12326]
  0x00007b9570009000 ConcurrentGCThread "G1 Conc#6" [stack: 0x00007b9548300000,0x00007b9548400000] [id=12327]
  0x0000000001ddf800 ConcurrentGCThread "G1 Refine#0" [stack: 0x00007b95947ef000,0x00007b95948ef000] [id=12249]
  0x00007b9564001000 ConcurrentGCThread "G1 Refine#1" [stack: 0x00007b953f000000,0x00007b953f100000] [id=12335]
  0x00007b9370001000 ConcurrentGCThread "G1 Refine#2" [stack: 0x00007b9533f00000,0x00007b9534000000] [id=12397]
  0x0000000001de7800 ConcurrentGCThread "G1 Young RemSet Sampling" [stack: 0x00007b95946ed000,0x00007b95947ed000] [id=12250]

Threads with active compile tasks:

VM state:not at safepoint (normal execution)

VM Mutex/Monitor currently owned by a thread: None

Heap address: 0x0000000080000000, size: 2048 MB, Compressed Oops mode: 32-bit
Narrow klass base: 0x0000000000000000, Narrow klass shift: 3
Compressed class space size: 1065353216 Address: 0x0000000100000000

Heap:
 garbage-first heap   total 223232K, used 179620K [0x0000000080000000, 0x0000000100000000)
  region size 1024K, 84 young (86016K), 7 survivors (7168K)
 Metaspace       used 127982K, capacity 136118K, committed 136264K, reserved 1157120K
  class space    used 17236K, capacity 20033K, committed 20088K, reserved 1040384K
Heap Regions: E=young(eden), S=young(survivor), O=old, HS=humongous(starts), HC=humongous(continues), CS=collection set, F=free, A=archive, TAMS=top-at-mark-start (previous, next)
|   0|0x0000000080000000, 0x0000000080100000, 0x0000000080100000|100%| O|  |TAMS 0x0000000080100000, 0x0000000080000000| Untracked 
|   1|0x0000000080100000, 0x0000000080200000, 0x0000000080200000|100%| O|  |TAMS 0x0000000080200000, 0x0000000080100000| Untracked 
|   2|0x0000000080200000, 0x0000000080300000, 0x0000000080300000|100%| O|  |TAMS 0x0000000080300000, 0x0000000080200000| Untracked 
|   3|0x0000000080300000, 0x0000000080400000, 0x0000000080400000|100%|HS|  |TAMS 0x0000000080400000, 0x0000000080300000| Complete 
|   4|0x0000000080400000, 0x0000000080500000, 0x0000000080500000|100%| O|  |TAMS 0x0000000080500000, 0x0000000080400000| Untracked 
|   5|0x0000000080500000, 0x0000000080600000, 0x0000000080600000|100%| O|  |TAMS 0x0000000080600000, 0x0000000080500000| Untracked 
|   6|0x0000000080600000, 0x0000000080700000, 0x0000000080700000|100%| O|  |TAMS 0x0000000080700000, 0x0000000080600000| Untracked 
|   7|0x0000000080700000, 0x0000000080800000, 0x0000000080800000|100%| O|  |TAMS 0x0000000080800000, 0x0000000080700000| Untracked 
|   8|0x0000000080800000, 0x0000000080900000, 0x0000000080900000|100%| O|  |TAMS 0x0000000080900000, 0x0000000080800000| Untracked 
|   9|0x0000000080900000, 0x0000000080a00000, 0x0000000080a00000|100%| O|  |TAMS 0x0000000080a00000, 0x0000000080900000| Untracked 
|  10|0x0000000080a00000, 0x0000000080b00000, 0x0000000080b00000|100%| O|  |TAMS 0x0000000080b00000, 0x0000000080a00000| Untracked 
|  11|0x0000000080b00000, 0x0000000080c00000, 0x0000000080c00000|100%| O|  |TAMS 0x0000000080c00000, 0x0000000080b00000| Untracked 
|  12|0x0000000080c00000, 0x0000000080d00000, 0x0000000080d00000|100%| O|  |TAMS 0x0000000080d00000, 0x0000000080c00000| Untracked 
|  13|0x0000000080d00000, 0x0000000080e00000, 0x0000000080e00000|100%| O|  |TAMS 0x0000000080e00000, 0x0000000080d00000| Untracked 
|  14|0x0000000080e00000, 0x0000000080f00000, 0x0000000080f00000|100%| O|  |TAMS 0x0000000080f00000, 0x0000000080e00000| Untracked 
|  15|0x0000000080f00000, 0x0000000081000000, 0x0000000081000000|100%| O|  |TAMS 0x0000000081000000, 0x0000000080f00000| Untracked 
|  16|0x0000000081000000, 0x0000000081100000, 0x0000000081100000|100%| O|  |TAMS 0x0000000081100000, 0x0000000081000000| Untracked 
|  17|0x0000000081100000, 0x0000000081200000, 0x0000000081200000|100%| O|  |TAMS 0x0000000081200000, 0x0000000081100000| Untracked 
|  18|0x0000000081200000, 0x0000000081300000, 0x0000000081300000|100%| O|  |TAMS 0x0000000081300000, 0x0000000081200000| Untracked 
|  19|0x0000000081300000, 0x0000000081400000, 0x0000000081400000|100%| O|  |TAMS 0x0000000081400000, 0x0000000081300000| Untracked 
|  20|0x0000000081400000, 0x0000000081500000, 0x0000000081500000|100%| O|  |TAMS 0x0000000081500000, 0x0000000081400000| Untracked 
|  21|0x0000000081500000, 0x0000000081600000, 0x0000000081600000|100%| O|  |TAMS 0x0000000081600000, 0x0000000081500000| Untracked 
|  22|0x0000000081600000, 0x0000000081700000, 0x0000000081700000|100%| O|  |TAMS 0x0000000081700000, 0x0000000081600000| Untracked 
|  23|0x0000000081700000, 0x0000000081800000, 0x0000000081800000|100%| O|  |TAMS 0x0000000081800000, 0x0000000081700000| Untracked 
|  24|0x0000000081800000, 0x0000000081900000, 0x0000000081900000|100%| O|  |TAMS 0x0000000081900000, 0x0000000081800000| Untracked 
|  25|0x0000000081900000, 0x0000000081a00000, 0x0000000081a00000|100%| O|  |TAMS 0x0000000081905a00, 0x0000000081900000| Untracked 
|  26|0x0000000081a00000, 0x0000000081b00000, 0x0000000081b00000|100%| O|  |TAMS 0x0000000081b00000, 0x0000000081a00000| Untracked 
|  27|0x0000000081b00000, 0x0000000081c00000, 0x0000000081c00000|100%| O|  |TAMS 0x0000000081c00000, 0x0000000081b00000| Untracked 
|  28|0x0000000081c00000, 0x0000000081d00000, 0x0000000081d00000|100%| O|  |TAMS 0x0000000081d00000, 0x0000000081c00000| Untracked 
|  29|0x0000000081d00000, 0x0000000081e00000, 0x0000000081e00000|100%| O|  |TAMS 0x0000000081e00000, 0x0000000081d00000| Untracked 
|  30|0x0000000081e00000, 0x0000000081f00000, 0x0000000081f00000|100%| O|  |TAMS 0x0000000081e00000, 0x0000000081e00000| Untracked 
|  31|0x0000000081f00000, 0x0000000082000000, 0x0000000082000000|100%| O|  |TAMS 0x0000000082000000, 0x0000000081f00000| Untracked 
|  32|0x0000000082000000, 0x0000000082100000, 0x0000000082100000|100%| O|  |TAMS 0x0000000082000000, 0x0000000082000000| Untracked 
|  33|0x0000000082100000, 0x0000000082200000, 0x0000000082200000|100%| O|  |TAMS 0x0000000082200000, 0x0000000082100000| Untracked 
|  34|0x0000000082200000, 0x0000000082300000, 0x0000000082300000|100%| O|  |TAMS 0x0000000082300000, 0x0000000082200000| Untracked 
|  35|0x0000000082300000, 0x0000000082400000, 0x0000000082400000|100%| O|  |TAMS 0x0000000082400000, 0x0000000082300000| Untracked 
|  36|0x0000000082400000, 0x0000000082500000, 0x0000000082500000|100%| O|  |TAMS 0x0000000082400000, 0x0000000082400000| Untracked 
|  37|0x0000000082500000, 0x0000000082600000, 0x0000000082600000|100%| O|  |TAMS 0x0000000082600000, 0x0000000082500000| Untracked 
|  38|0x0000000082600000, 0x0000000082700000, 0x0000000082700000|100%| O|  |TAMS 0x0000000082700000, 0x0000000082600000| Untracked 
|  39|0x0000000082700000, 0x0000000082800000, 0x0000000082800000|100%| O|  |TAMS 0x0000000082800000, 0x0000000082700000| Untracked 
|  40|0x0000000082800000, 0x0000000082900000, 0x0000000082900000|100%| O|  |TAMS 0x0000000082900000, 0x0000000082800000| Untracked 
|  41|0x0000000082900000, 0x0000000082a00000, 0x0000000082a00000|100%| O|  |TAMS 0x0000000082a00000, 0x0000000082900000| Untracked 
|  42|0x0000000082a00000, 0x0000000082b00000, 0x0000000082b00000|100%| O|  |TAMS 0x0000000082b00000, 0x0000000082a00000| Untracked 
|  43|0x0000000082b00000, 0x0000000082c00000, 0x0000000082c00000|100%| O|  |TAMS 0x0000000082c00000, 0x0000000082b00000| Untracked 
|  44|0x0000000082c00000, 0x0000000082d00000, 0x0000000082d00000|100%| O|  |TAMS 0x0000000082d00000, 0x0000000082c00000| Untracked 
|  45|0x0000000082d00000, 0x0000000082e00000, 0x0000000082e00000|100%| O|  |TAMS 0x0000000082e00000, 0x0000000082d00000| Untracked 
|  46|0x0000000082e00000, 0x0000000082f00000, 0x0000000082f00000|100%| O|  |TAMS 0x0000000082f00000, 0x0000000082e00000| Untracked 
|  47|0x0000000082f00000, 0x0000000083000000, 0x0000000083000000|100%| O|  |TAMS 0x0000000082f00000, 0x0000000082f00000| Untracked 
|  48|0x0000000083000000, 0x0000000083100000, 0x0000000083100000|100%| O|  |TAMS 0x0000000083000000, 0x0000000083000000| Untracked 
|  49|0x0000000083100000, 0x0000000083200000, 0x0000000083200000|100%| O|  |TAMS 0x0000000083100000, 0x0000000083100000| Untracked 
|  50|0x0000000083200000, 0x0000000083300000, 0x0000000083300000|100%| O|  |TAMS 0x0000000083200000, 0x0000000083200000| Untracked 
|  51|0x0000000083300000, 0x0000000083400000, 0x0000000083400000|100%| O|  |TAMS 0x0000000083400000, 0x0000000083300000| Untracked 
|  52|0x0000000083400000, 0x0000000083500000, 0x0000000083500000|100%| O|  |TAMS 0x0000000083500000, 0x0000000083400000| Untracked 
|  53|0x0000000083500000, 0x0000000083600000, 0x0000000083600000|100%| O|  |TAMS 0x0000000083600000, 0x0000000083500000| Untracked 
|  54|0x0000000083600000, 0x0000000083700000, 0x0000000083700000|100%| O|  |TAMS 0x0000000083700000, 0x0000000083600000| Untracked 
|  55|0x0000000083700000, 0x0000000083800000, 0x0000000083800000|100%| O|  |TAMS 0x0000000083800000, 0x0000000083700000| Untracked 
|  56|0x0000000083800000, 0x0000000083900000, 0x0000000083900000|100%| O|  |TAMS 0x0000000083900000, 0x0000000083800000| Untracked 
|  57|0x0000000083900000, 0x0000000083a00000, 0x0000000083a00000|100%| O|  |TAMS 0x0000000083900000, 0x0000000083900000| Untracked 
|  58|0x0000000083a00000, 0x0000000083b00000, 0x0000000083b00000|100%| O|  |TAMS 0x0000000083b00000, 0x0000000083a00000| Untracked 
|  59|0x0000000083b00000, 0x0000000083c00000, 0x0000000083c00000|100%| O|  |TAMS 0x0000000083c00000, 0x0000000083b00000| Untracked 
|  60|0x0000000083c00000, 0x0000000083d00000, 0x0000000083d00000|100%| O|  |TAMS 0x0000000083c00000, 0x0000000083c00000| Untracked 
|  61|0x0000000083d00000, 0x0000000083e00000, 0x0000000083e00000|100%| O|  |TAMS 0x0000000083e00000, 0x0000000083d00000| Untracked 
|  62|0x0000000083e00000, 0x0000000083f00000, 0x0000000083f00000|100%| O|  |TAMS 0x0000000083f00000, 0x0000000083e00000| Untracked 
|  63|0x0000000083f00000, 0x0000000084000000, 0x0000000084000000|100%| O|  |TAMS 0x0000000084000000, 0x0000000083f00000| Untracked 
|  64|0x0000000084000000, 0x0000000084100000, 0x0000000084100000|100%| O|  |TAMS 0x0000000084100000, 0x0000000084000000| Untracked 
|  65|0x0000000084100000, 0x0000000084200000, 0x0000000084200000|100%| O|  |TAMS 0x0000000084200000, 0x0000000084100000| Untracked 
|  66|0x0000000084200000, 0x0000000084300000, 0x0000000084300000|100%| O|  |TAMS 0x0000000084200000, 0x0000000084200000| Untracked 
|  67|0x0000000084300000, 0x0000000084400000, 0x0000000084400000|100%| O|  |TAMS 0x0000000084300000, 0x0000000084300000| Untracked 
|  68|0x0000000084400000, 0x0000000084500000, 0x0000000084500000|100%| O|  |TAMS 0x0000000084400000, 0x0000000084400000| Untracked 
|  69|0x0000000084500000, 0x0000000084600000, 0x0000000084600000|100%| O|  |TAMS 0x0000000084500000, 0x0000000084500000| Untracked 
|  70|0x0000000084600000, 0x0000000084700000, 0x0000000084700000|100%| O|  |TAMS 0x0000000084600000, 0x0000000084600000| Untracked 
|  71|0x0000000084700000, 0x0000000084800000, 0x0000000084800000|100%| O|  |TAMS 0x0000000084700000, 0x0000000084700000| Untracked 
|  72|0x0000000084800000, 0x0000000084900000, 0x0000000084900000|100%| O|  |TAMS 0x0000000084800000, 0x0000000084800000| Untracked 
|  73|0x0000000084900000, 0x0000000084a00000, 0x0000000084a00000|100%| O|  |TAMS 0x0000000084900000, 0x0000000084900000| Untracked 
|  74|0x0000000084a00000, 0x0000000084b00000, 0x0000000084b00000|100%| O|  |TAMS 0x0000000084a00000, 0x0000000084a00000| Untracked 
|  75|0x0000000084b00000, 0x0000000084c00000, 0x0000000084c00000|100%| O|  |TAMS 0x0000000084b00000, 0x0000000084b00000| Untracked 
|  76|0x0000000084c00000, 0x0000000084d00000, 0x0000000084d00000|100%| O|  |TAMS 0x0000000084c00000, 0x0000000084c00000| Untracked 
|  77|0x0000000084d00000, 0x0000000084e00000, 0x0000000084e00000|100%| O|  |TAMS 0x0000000084d00000, 0x0000000084d00000| Untracked 
|  78|0x0000000084e00000, 0x0000000084f00000, 0x0000000084f00000|100%| O|  |TAMS 0x0000000084e00000, 0x0000000084e00000| Untracked 
|  79|0x0000000084f00000, 0x0000000085000000, 0x0000000085000000|100%| O|  |TAMS 0x0000000084f00000, 0x0000000084f00000| Untracked 
|  80|0x0000000085000000, 0x0000000085100000, 0x0000000085100000|100%| O|  |TAMS 0x0000000085000000, 0x0000000085000000| Untracked 
|  81|0x0000000085100000, 0x0000000085200000, 0x0000000085200000|100%| O|  |TAMS 0x0000000085100000, 0x0000000085100000| Untracked 
|  82|0x0000000085200000, 0x0000000085300000, 0x0000000085300000|100%| O|  |TAMS 0x0000000085200000, 0x0000000085200000| Untracked 
|  83|0x0000000085300000, 0x0000000085400000, 0x0000000085400000|100%| O|  |TAMS 0x0000000085300000, 0x0000000085300000| Untracked 
|  84|0x0000000085400000, 0x0000000085500000, 0x0000000085500000|100%| O|  |TAMS 0x0000000085400000, 0x0000000085400000| Untracked 
|  85|0x0000000085500000, 0x0000000085600000, 0x0000000085600000|100%| O|  |TAMS 0x0000000085500000, 0x0000000085500000| Untracked 
|  86|0x0000000085600000, 0x0000000085700000, 0x0000000085700000|100%| O|  |TAMS 0x0000000085600000, 0x0000000085600000| Untracked 
|  87|0x0000000085700000, 0x0000000085800000, 0x0000000085800000|100%| O|  |TAMS 0x0000000085700000, 0x0000000085700000| Untracked 
|  88|0x0000000085800000, 0x0000000085900000, 0x0000000085900000|100%| O|  |TAMS 0x0000000085800000, 0x0000000085800000| Untracked 
|  89|0x0000000085900000, 0x0000000085a00000, 0x0000000085a00000|100%| O|  |TAMS 0x0000000085900000, 0x0000000085900000| Untracked 
|  90|0x0000000085a00000, 0x0000000085b00000, 0x0000000085b00000|100%| O|  |TAMS 0x0000000085a00000, 0x0000000085a00000| Untracked 
|  91|0x0000000085b00000, 0x0000000085c00000, 0x0000000085c00000|100%| O|  |TAMS 0x0000000085b00000, 0x0000000085b00000| Untracked 
|  92|0x0000000085c00000, 0x0000000085d00000, 0x0000000085d00000|100%| O|  |TAMS 0x0000000085c00000, 0x0000000085c00000| Untracked 
|  93|0x0000000085d00000, 0x0000000085de5800, 0x0000000085e00000| 89%| O|  |TAMS 0x0000000085d00000, 0x0000000085d00000| Untracked 
|  94|0x0000000085e00000, 0x0000000085e00000, 0x0000000085f00000|  0%| F|  |TAMS 0x0000000085e00000, 0x0000000085e00000| Untracked 
|  95|0x0000000085f00000, 0x0000000085f00000, 0x0000000086000000|  0%| F|  |TAMS 0x0000000085f00000, 0x0000000085f00000| Untracked 
|  96|0x0000000086000000, 0x0000000086000000, 0x0000000086100000|  0%| F|  |TAMS 0x0000000086000000, 0x0000000086000000| Untracked 
|  97|0x0000000086100000, 0x0000000086100000, 0x0000000086200000|  0%| F|  |TAMS 0x0000000086100000, 0x0000000086100000| Untracked 
|  98|0x0000000086200000, 0x0000000086200000, 0x0000000086300000|  0%| F|  |TAMS 0x0000000086200000, 0x0000000086200000| Untracked 
|  99|0x0000000086300000, 0x0000000086300000, 0x0000000086400000|  0%| F|  |TAMS 0x0000000086300000, 0x0000000086300000| Untracked 
| 100|0x0000000086400000, 0x0000000086400000, 0x0000000086500000|  0%| F|  |TAMS 0x0000000086400000, 0x0000000086400000| Untracked 
| 101|0x0000000086500000, 0x0000000086500000, 0x0000000086600000|  0%| F|  |TAMS 0x0000000086500000, 0x0000000086500000| Untracked 
| 102|0x0000000086600000, 0x0000000086600000, 0x0000000086700000|  0%| F|  |TAMS 0x0000000086600000, 0x0000000086600000| Untracked 
| 103|0x0000000086700000, 0x0000000086700000, 0x0000000086800000|  0%| F|  |TAMS 0x0000000086700000, 0x0000000086700000| Untracked 
| 104|0x0000000086800000, 0x0000000086800000, 0x0000000086900000|  0%| F|  |TAMS 0x0000000086800000, 0x0000000086800000| Untracked 
| 105|0x0000000086900000, 0x0000000086900000, 0x0000000086a00000|  0%| F|  |TAMS 0x0000000086900000, 0x0000000086900000| Untracked 
| 106|0x0000000086a00000, 0x0000000086a00000, 0x0000000086b00000|  0%| F|  |TAMS 0x0000000086a00000, 0x0000000086a00000| Untracked 
| 107|0x0000000086b00000, 0x0000000086b00000, 0x0000000086c00000|  0%| F|  |TAMS 0x0000000086b00000, 0x0000000086b00000| Untracked 
| 108|0x0000000086c00000, 0x0000000086c00000, 0x0000000086d00000|  0%| F|  |TAMS 0x0000000086c00000, 0x0000000086c00000| Untracked 
| 109|0x0000000086d00000, 0x0000000086d00000, 0x0000000086e00000|  0%| F|  |TAMS 0x0000000086d00000, 0x0000000086d00000| Untracked 
| 110|0x0000000086e00000, 0x0000000086e00000, 0x0000000086f00000|  0%| F|  |TAMS 0x0000000086e00000, 0x0000000086e00000| Untracked 
| 111|0x0000000086f00000, 0x0000000086f00000, 0x0000000087000000|  0%| F|  |TAMS 0x0000000086f00000, 0x0000000086f00000| Untracked 
| 112|0x0000000087000000, 0x0000000087000000, 0x0000000087100000|  0%| F|  |TAMS 0x0000000087000000, 0x0000000087000000| Untracked 
| 113|0x0000000087100000, 0x0000000087100000, 0x0000000087200000|  0%| F|  |TAMS 0x0000000087100000, 0x0000000087100000| Untracked 
| 114|0x0000000087200000, 0x0000000087200000, 0x0000000087300000|  0%| F|  |TAMS 0x0000000087200000, 0x0000000087200000| Untracked 
| 115|0x0000000087300000, 0x0000000087300000, 0x0000000087400000|  0%| F|  |TAMS 0x0000000087300000, 0x0000000087300000| Untracked 
| 116|0x0000000087400000, 0x0000000087400000, 0x0000000087500000|  0%| F|  |TAMS 0x0000000087400000, 0x0000000087400000| Untracked 
| 117|0x0000000087500000, 0x0000000087500000, 0x0000000087600000|  0%| F|  |TAMS 0x0000000087500000, 0x0000000087500000| Untracked 
| 118|0x0000000087600000, 0x0000000087600000, 0x0000000087700000|  0%| F|  |TAMS 0x0000000087600000, 0x0000000087600000| Untracked 
| 119|0x0000000087700000, 0x0000000087700000, 0x0000000087800000|  0%| F|  |TAMS 0x0000000087700000, 0x0000000087700000| Untracked 
| 120|0x0000000087800000, 0x0000000087800000, 0x0000000087900000|  0%| F|  |TAMS 0x0000000087800000, 0x0000000087800000| Untracked 
| 121|0x0000000087900000, 0x0000000087900000, 0x0000000087a00000|  0%| F|  |TAMS 0x0000000087900000, 0x0000000087900000| Untracked 
| 122|0x0000000087a00000, 0x0000000087a00000, 0x0000000087b00000|  0%| F|  |TAMS 0x0000000087a00000, 0x0000000087a00000| Untracked 
| 123|0x0000000087b00000, 0x0000000087b00000, 0x0000000087c00000|  0%| F|  |TAMS 0x0000000087b00000, 0x0000000087b00000| Untracked 
| 124|0x0000000087c00000, 0x0000000087c00000, 0x0000000087d00000|  0%| F|  |TAMS 0x0000000087c00000, 0x0000000087c00000| Untracked 
| 125|0x0000000087d00000, 0x0000000087d00000, 0x0000000087e00000|  0%| F|  |TAMS 0x0000000087d00000, 0x0000000087d00000| Untracked 
| 126|0x0000000087e00000, 0x0000000087e00000, 0x0000000087f00000|  0%| F|  |TAMS 0x0000000087e00000, 0x0000000087e00000| Untracked 
| 127|0x0000000087f00000, 0x0000000087f00000, 0x0000000088000000|  0%| F|  |TAMS 0x0000000087f00000, 0x0000000087f00000| Untracked 
| 128|0x0000000088000000, 0x0000000088000000, 0x0000000088100000|  0%| F|  |TAMS 0x0000000088000000, 0x0000000088000000| Untracked 
| 129|0x0000000088100000, 0x0000000088100000, 0x0000000088200000|  0%| F|  |TAMS 0x0000000088100000, 0x0000000088100000| Untracked 
| 130|0x0000000088200000, 0x0000000088283980, 0x0000000088300000| 51%| S|CS|TAMS 0x0000000088200000, 0x0000000088200000| Complete 
| 131|0x0000000088300000, 0x0000000088400000, 0x0000000088400000|100%| S|CS|TAMS 0x0000000088300000, 0x0000000088300000| Complete 
| 132|0x0000000088400000, 0x0000000088400000, 0x0000000088500000|  0%| F|  |TAMS 0x0000000088400000, 0x0000000088400000| Untracked 
| 133|0x0000000088500000, 0x0000000088600000, 0x0000000088600000|100%| S|CS|TAMS 0x0000000088500000, 0x0000000088500000| Complete 
| 134|0x0000000088600000, 0x0000000088700000, 0x0000000088700000|100%| S|CS|TAMS 0x0000000088600000, 0x0000000088600000| Complete 
| 135|0x0000000088700000, 0x0000000088800000, 0x0000000088800000|100%| S|CS|TAMS 0x0000000088700000, 0x0000000088700000| Complete 
| 136|0x0000000088800000, 0x0000000088900000, 0x0000000088900000|100%| S|CS|TAMS 0x0000000088800000, 0x0000000088800000| Complete 
| 137|0x0000000088900000, 0x0000000088a00000, 0x0000000088a00000|100%| S|CS|TAMS 0x0000000088900000, 0x0000000088900000| Complete 
| 138|0x0000000088a00000, 0x0000000088a00000, 0x0000000088b00000|  0%| F|  |TAMS 0x0000000088a00000, 0x0000000088a00000| Untracked 
| 139|0x0000000088b00000, 0x0000000088b00000, 0x0000000088c00000|  0%| F|  |TAMS 0x0000000088b00000, 0x0000000088b00000| Untracked 
| 140|0x0000000088c00000, 0x0000000088c00000, 0x0000000088d00000|  0%| F|  |TAMS 0x0000000088c00000, 0x0000000088c00000| Untracked 
| 141|0x0000000088d00000, 0x0000000088d80800, 0x0000000088e00000| 50%| E|  |TAMS 0x0000000088d00000, 0x0000000088d00000| Complete 
| 142|0x0000000088e00000, 0x0000000088f00000, 0x0000000088f00000|100%| E|CS|TAMS 0x0000000088e00000, 0x0000000088e00000| Complete 
| 143|0x0000000088f00000, 0x0000000089000000, 0x0000000089000000|100%| E|  |TAMS 0x0000000088f00000, 0x0000000088f00000| Complete 
| 144|0x0000000089000000, 0x0000000089100000, 0x0000000089100000|100%| E|CS|TAMS 0x0000000089000000, 0x0000000089000000| Complete 
| 145|0x0000000089100000, 0x0000000089200000, 0x0000000089200000|100%| E|CS|TAMS 0x0000000089100000, 0x0000000089100000| Complete 
| 146|0x0000000089200000, 0x0000000089300000, 0x0000000089300000|100%| E|CS|TAMS 0x0000000089200000, 0x0000000089200000| Complete 
| 147|0x0000000089300000, 0x0000000089400000, 0x0000000089400000|100%| E|CS|TAMS 0x0000000089300000, 0x0000000089300000| Complete 
| 148|0x0000000089400000, 0x0000000089500000, 0x0000000089500000|100%| E|CS|TAMS 0x0000000089400000, 0x0000000089400000| Complete 
| 149|0x0000000089500000, 0x0000000089600000, 0x0000000089600000|100%| E|CS|TAMS 0x0000000089500000, 0x0000000089500000| Complete 
| 150|0x0000000089600000, 0x0000000089700000, 0x0000000089700000|100%| E|CS|TAMS 0x0000000089600000, 0x0000000089600000| Complete 
| 151|0x0000000089700000, 0x0000000089800000, 0x0000000089800000|100%| E|CS|TAMS 0x0000000089700000, 0x0000000089700000| Complete 
| 152|0x0000000089800000, 0x0000000089900000, 0x0000000089900000|100%| E|CS|TAMS 0x0000000089800000, 0x0000000089800000| Complete 
| 153|0x0000000089900000, 0x0000000089a00000, 0x0000000089a00000|100%| E|CS|TAMS 0x0000000089900000, 0x0000000089900000| Complete 
| 154|0x0000000089a00000, 0x0000000089b00000, 0x0000000089b00000|100%| E|CS|TAMS 0x0000000089a00000, 0x0000000089a00000| Complete 
| 155|0x0000000089b00000, 0x0000000089c00000, 0x0000000089c00000|100%| E|CS|TAMS 0x0000000089b00000, 0x0000000089b00000| Complete 
| 156|0x0000000089c00000, 0x0000000089d00000, 0x0000000089d00000|100%| E|CS|TAMS 0x0000000089c00000, 0x0000000089c00000| Complete 
| 157|0x0000000089d00000, 0x0000000089e00000, 0x0000000089e00000|100%| E|CS|TAMS 0x0000000089d00000, 0x0000000089d00000| Complete 
| 158|0x0000000089e00000, 0x0000000089f00000, 0x0000000089f00000|100%| E|CS|TAMS 0x0000000089e00000, 0x0000000089e00000| Complete 
| 159|0x0000000089f00000, 0x000000008a000000, 0x000000008a000000|100%| E|CS|TAMS 0x0000000089f00000, 0x0000000089f00000| Complete 
| 160|0x000000008a000000, 0x000000008a100000, 0x000000008a100000|100%| E|CS|TAMS 0x000000008a000000, 0x000000008a000000| Complete 
| 161|0x000000008a100000, 0x000000008a200000, 0x000000008a200000|100%| E|CS|TAMS 0x000000008a100000, 0x000000008a100000| Complete 
| 162|0x000000008a200000, 0x000000008a300000, 0x000000008a300000|100%| E|CS|TAMS 0x000000008a200000, 0x000000008a200000| Complete 
| 163|0x000000008a300000, 0x000000008a400000, 0x000000008a400000|100%| E|CS|TAMS 0x000000008a300000, 0x000000008a300000| Complete 
| 164|0x000000008a400000, 0x000000008a500000, 0x000000008a500000|100%| E|CS|TAMS 0x000000008a400000, 0x000000008a400000| Complete 
| 165|0x000000008a500000, 0x000000008a600000, 0x000000008a600000|100%| E|CS|TAMS 0x000000008a500000, 0x000000008a500000| Complete 
| 166|0x000000008a600000, 0x000000008a700000, 0x000000008a700000|100%| E|CS|TAMS 0x000000008a600000, 0x000000008a600000| Complete 
| 167|0x000000008a700000, 0x000000008a800000, 0x000000008a800000|100%| E|CS|TAMS 0x000000008a700000, 0x000000008a700000| Complete 
| 168|0x000000008a800000, 0x000000008a900000, 0x000000008a900000|100%| E|CS|TAMS 0x000000008a800000, 0x000000008a800000| Complete 
| 169|0x000000008a900000, 0x000000008aa00000, 0x000000008aa00000|100%| E|CS|TAMS 0x000000008a900000, 0x000000008a900000| Complete 
| 170|0x000000008aa00000, 0x000000008ab00000, 0x000000008ab00000|100%| E|CS|TAMS 0x000000008aa00000, 0x000000008aa00000| Complete 
| 171|0x000000008ab00000, 0x000000008ac00000, 0x000000008ac00000|100%| E|CS|TAMS 0x000000008ab00000, 0x000000008ab00000| Complete 
| 172|0x000000008ac00000, 0x000000008ad00000, 0x000000008ad00000|100%| E|CS|TAMS 0x000000008ac00000, 0x000000008ac00000| Complete 
| 173|0x000000008ad00000, 0x000000008ae00000, 0x000000008ae00000|100%| E|CS|TAMS 0x000000008ad00000, 0x000000008ad00000| Complete 
| 174|0x000000008ae00000, 0x000000008af00000, 0x000000008af00000|100%| E|CS|TAMS 0x000000008ae00000, 0x000000008ae00000| Complete 
| 175|0x000000008af00000, 0x000000008b000000, 0x000000008b000000|100%| E|CS|TAMS 0x000000008af00000, 0x000000008af00000| Complete 
| 176|0x000000008b000000, 0x000000008b100000, 0x000000008b100000|100%| E|CS|TAMS 0x000000008b000000, 0x000000008b000000| Complete 
| 177|0x000000008b100000, 0x000000008b200000, 0x000000008b200000|100%| E|CS|TAMS 0x000000008b100000, 0x000000008b100000| Complete 
| 178|0x000000008b200000, 0x000000008b300000, 0x000000008b300000|100%| E|CS|TAMS 0x000000008b200000, 0x000000008b200000| Complete 
| 179|0x000000008b300000, 0x000000008b400000, 0x000000008b400000|100%| E|CS|TAMS 0x000000008b300000, 0x000000008b300000| Complete 
| 180|0x000000008b400000, 0x000000008b500000, 0x000000008b500000|100%| E|CS|TAMS 0x000000008b400000, 0x000000008b400000| Complete 
| 181|0x000000008b500000, 0x000000008b600000, 0x000000008b600000|100%| E|CS|TAMS 0x000000008b500000, 0x000000008b500000| Complete 
| 182|0x000000008b600000, 0x000000008b700000, 0x000000008b700000|100%| E|CS|TAMS 0x000000008b600000, 0x000000008b600000| Complete 
| 183|0x000000008b700000, 0x000000008b800000, 0x000000008b800000|100%| E|CS|TAMS 0x000000008b700000, 0x000000008b700000| Complete 
| 184|0x000000008b800000, 0x000000008b900000, 0x000000008b900000|100%| E|CS|TAMS 0x000000008b800000, 0x000000008b800000| Complete 
| 185|0x000000008b900000, 0x000000008ba00000, 0x000000008ba00000|100%| E|CS|TAMS 0x000000008b900000, 0x000000008b900000| Complete 
| 186|0x000000008ba00000, 0x000000008bb00000, 0x000000008bb00000|100%| E|CS|TAMS 0x000000008ba00000, 0x000000008ba00000| Complete 
| 187|0x000000008bb00000, 0x000000008bc00000, 0x000000008bc00000|100%| E|CS|TAMS 0x000000008bb00000, 0x000000008bb00000| Complete 
| 188|0x000000008bc00000, 0x000000008bd00000, 0x000000008bd00000|100%| E|CS|TAMS 0x000000008bc00000, 0x000000008bc00000| Complete 
| 189|0x000000008bd00000, 0x000000008be00000, 0x000000008be00000|100%| E|CS|TAMS 0x000000008bd00000, 0x000000008bd00000| Complete 
| 190|0x000000008be00000, 0x000000008bf00000, 0x000000008bf00000|100%| E|CS|TAMS 0x000000008be00000, 0x000000008be00000| Complete 
| 191|0x000000008bf00000, 0x000000008c000000, 0x000000008c000000|100%| E|CS|TAMS 0x000000008bf00000, 0x000000008bf00000| Complete 
| 192|0x000000008c000000, 0x000000008c100000, 0x000000008c100000|100%| E|CS|TAMS 0x000000008c000000, 0x000000008c000000| Complete 
| 193|0x000000008c100000, 0x000000008c200000, 0x000000008c200000|100%| E|CS|TAMS 0x000000008c100000, 0x000000008c100000| Complete 
| 194|0x000000008c200000, 0x000000008c300000, 0x000000008c300000|100%| E|CS|TAMS 0x000000008c200000, 0x000000008c200000| Complete 
| 195|0x000000008c300000, 0x000000008c400000, 0x000000008c400000|100%| E|CS|TAMS 0x000000008c300000, 0x000000008c300000| Complete 
| 196|0x000000008c400000, 0x000000008c500000, 0x000000008c500000|100%| E|CS|TAMS 0x000000008c400000, 0x000000008c400000| Complete 
| 197|0x000000008c500000, 0x000000008c600000, 0x000000008c600000|100%| E|CS|TAMS 0x000000008c500000, 0x000000008c500000| Complete 
| 198|0x000000008c600000, 0x000000008c700000, 0x000000008c700000|100%| E|CS|TAMS 0x000000008c600000, 0x000000008c600000| Complete 
| 199|0x000000008c700000, 0x000000008c800000, 0x000000008c800000|100%| E|CS|TAMS 0x000000008c700000, 0x000000008c700000| Complete 
| 200|0x000000008c800000, 0x000000008c900000, 0x000000008c900000|100%| E|CS|TAMS 0x000000008c800000, 0x000000008c800000| Complete 
| 201|0x000000008c900000, 0x000000008ca00000, 0x000000008ca00000|100%| E|CS|TAMS 0x000000008c900000, 0x000000008c900000| Complete 
| 202|0x000000008ca00000, 0x000000008cb00000, 0x000000008cb00000|100%| E|CS|TAMS 0x000000008ca00000, 0x000000008ca00000| Complete 
| 203|0x000000008cb00000, 0x000000008cc00000, 0x000000008cc00000|100%| E|CS|TAMS 0x000000008cb00000, 0x000000008cb00000| Complete 
| 204|0x000000008cc00000, 0x000000008cd00000, 0x000000008cd00000|100%| E|CS|TAMS 0x000000008cc00000, 0x000000008cc00000| Complete 
| 205|0x000000008cd00000, 0x000000008ce00000, 0x000000008ce00000|100%| E|CS|TAMS 0x000000008cd00000, 0x000000008cd00000| Complete 
| 206|0x000000008ce00000, 0x000000008cf00000, 0x000000008cf00000|100%| E|CS|TAMS 0x000000008ce00000, 0x000000008ce00000| Complete 
| 207|0x000000008cf00000, 0x000000008d000000, 0x000000008d000000|100%| E|CS|TAMS 0x000000008cf00000, 0x000000008cf00000| Complete 
| 208|0x000000008d000000, 0x000000008d100000, 0x000000008d100000|100%| E|CS|TAMS 0x000000008d000000, 0x000000008d000000| Complete 
| 209|0x000000008d100000, 0x000000008d200000, 0x000000008d200000|100%| E|CS|TAMS 0x000000008d100000, 0x000000008d100000| Complete 
| 210|0x000000008d200000, 0x000000008d300000, 0x000000008d300000|100%| E|CS|TAMS 0x000000008d200000, 0x000000008d200000| Complete 
| 211|0x000000008d300000, 0x000000008d400000, 0x000000008d400000|100%| E|CS|TAMS 0x000000008d300000, 0x000000008d300000| Complete 
| 212|0x000000008d400000, 0x000000008d500000, 0x000000008d500000|100%| E|CS|TAMS 0x000000008d400000, 0x000000008d400000| Complete 
| 213|0x000000008d500000, 0x000000008d600000, 0x000000008d600000|100%| E|CS|TAMS 0x000000008d500000, 0x000000008d500000| Complete 
| 214|0x000000008d600000, 0x000000008d700000, 0x000000008d700000|100%| E|CS|TAMS 0x000000008d600000, 0x000000008d600000| Complete 
| 215|0x000000008d700000, 0x000000008d800000, 0x000000008d800000|100%| E|CS|TAMS 0x000000008d700000, 0x000000008d700000| Complete 
| 216|0x000000008d800000, 0x000000008d900000, 0x000000008d900000|100%| E|CS|TAMS 0x000000008d800000, 0x000000008d800000| Complete 
| 217|0x000000008d900000, 0x000000008da00000, 0x000000008da00000|100%| E|CS|TAMS 0x000000008d900000, 0x000000008d900000| Complete 

Card table byte_map: [0x00007b9595e00000,0x00007b9596200000] _byte_map_base: 0x00007b9595a00000

Marking Bits (Prev, Next): (CMBitMap*) 0x0000000001ae19a0, (CMBitMap*) 0x0000000001ae1968
 Prev Bits: [0x00007b9576000000, 0x00007b9578000000)
 Next Bits: [0x00007b957c800000, 0x00007b957e800000)

Polling page: 0x00007b95a4c06000

Metaspace:

Usage:
  Non-class:    113.36 MB capacity,   108.15 MB ( 95%) used,     4.93 MB (  4%) free+waste,   294.38 KB ( <1%) overhead. 
      Class:     19.56 MB capacity,    16.83 MB ( 86%) used,     2.58 MB ( 13%) free+waste,   151.69 KB ( <1%) overhead. 
       Both:    132.93 MB capacity,   124.98 MB ( 94%) used,     7.51 MB (  6%) free+waste,   446.06 KB ( <1%) overhead. 

Virtual space:
  Non-class space:      114.00 MB reserved,     113.45 MB (>99%) committed 
      Class space:     1016.00 MB reserved,      19.62 MB (  2%) committed 
             Both:        1.10 GB reserved,     133.07 MB ( 12%) committed 

Chunk freelists:
   Non-Class:  27.00 KB
       Class:  31.00 KB
        Both:  58.00 KB

MaxMetaspaceSize: 1.00 GB
CompressedClassSpaceSize: 1016.00 MB
Initial GC threshold: 20.80 MB
Current GC threshold: 136.58 MB
CDS: off

CodeHeap 'non-profiled nmethods': size=118884Kb used=8884Kb max_used=8884Kb free=109999Kb
 bounds [0x00007b95863e7000, 0x00007b9586c97000, 0x00007b958d800000]
CodeHeap 'profiled nmethods': size=118884Kb used=30518Kb max_used=30518Kb free=88365Kb
 bounds [0x00007b957efce000, 0x00007b9580d9e000, 0x00007b95863e7000]
CodeHeap 'non-nmethods': size=7992Kb used=2248Kb max_used=3994Kb free=5743Kb
 bounds [0x00007b957e800000, 0x00007b957ec00000, 0x00007b957efce000]
 total_blobs=12412 nmethods=11329 adapters=993
 compilation: enabled
              stopped_count=0, restarted_count=0
 full_count=0

Compilation events (20 events):
Event: 12.120 Thread 0x0000000001ba2800 nmethod 11328 0x00007b9580d95f90 code [0x00007b9580d96160, 0x00007b9580d964f0]
Event: 12.120 Thread 0x00007b95340f2800 11329       3       org.eclipse.swt.layout.GridData::<init> (100 bytes)
Event: 12.120 Thread 0x00007b95340f2800 nmethod 11329 0x00007b9580d96610 code [0x00007b9580d967c0, 0x00007b9580d96990]
Event: 12.121 Thread 0x0000000001ba2800 11330       3       com.comsol.widgets.tk.swt.SWTWidget::Z (5 bytes)
Event: 12.121 Thread 0x0000000001ba2800 nmethod 11330 0x00007b9580d96a90 code [0x00007b9580d96c60, 0x00007b9580d96f40]
Event: 12.121 Thread 0x00007b95340f2800 11331       3       com.comsol.widgets.tk.swt.SWTWidget$CsWidgetColors::<init> (15 bytes)
Event: 12.121 Thread 0x00007b95340f2800 nmethod 11331 0x00007b9580d97010 code [0x00007b9580d971c0, 0x00007b9580d973d0]
Event: 12.127 Thread 0x0000000001ba2800 11332       3       org.eclipse.jface.resource.ImageRegistry::<init> (52 bytes)
Event: 12.127 Thread 0x00007b95340f2800 11333       3       org.eclipse.jface.resource.ImageRegistry$$Lambda$276/0x0000000100512c40::get$Lambda (9 bytes)
Event: 12.128 Thread 0x00007b95340f2800 nmethod 11333 0x00007b9580d97490 code [0x00007b9580d97660, 0x00007b9580d978b0]
Event: 12.128 Thread 0x00007b95340f2800 11334       3       org.eclipse.jface.resource.ImageRegistry$$Lambda$276/0x0000000100512c40::<init> (10 bytes)
Event: 12.128 Thread 0x00007b95340f2800 nmethod 11334 0x00007b9580d97990 code [0x00007b9580d97b40, 0x00007b9580d97cf0]
Event: 12.128 Thread 0x00007b95340f2800 11335       3       org.eclipse.jface.resource.ResourceManager::disposeExec (34 bytes)
Event: 12.128 Thread 0x0000000001ba2800 nmethod 11332 0x00007b9580d97d90 code [0x00007b9580d980c0, 0x00007b9580d994b0]
Event: 12.128 Thread 0x00007b95340f2800 nmethod 11335 0x00007b9580d99b10 code [0x00007b9580d99da0, 0x00007b9580d9a790]
Event: 12.129 Thread 0x00007b95340f2800 11337  s    3       com.comsol.widgets.tk.swt.SWTDisplay::e (20 bytes)
Event: 12.129 Thread 0x00007b95340f2800 nmethod 11337 0x00007b9580d9ab90 code [0x00007b9580d9ada0, 0x00007b9580d9b620]
Event: 12.130 Thread 0x0000000001ba6800 nmethod 11314 0x00007b9586c91b10 code [0x00007b9586c91da0, 0x00007b9586c93520]
Event: 12.130 Thread 0x0000000001ba6800 11319       4       org.eclipse.swt.widgets.Widget::addListener (20 bytes)
Event: 12.132 Thread 0x0000000001ba6800 


GC Heap History (20 events):
Event: 3.925 GC heap before
{Heap before GC invocations=27 (full 0):
 garbage-first heap   total 223232K, used 132192K [0x0000000080000000, 0x0000000100000000)
  region size 1024K, 74 young (75776K), 7 survivors (7168K)
 Metaspace       used 77519K, capacity 83580K, committed 83656K, reserved 1114112K
  class space    used 9663K, capacity 11703K, committed 11768K, reserved 1040384K
}
Event: 3.930 GC heap after
{Heap after GC invocations=28 (full 0):
 garbage-first heap   total 223232K, used 67006K [0x0000000080000000, 0x0000000100000000)
  region size 1024K, 9 young (9216K), 9 survivors (9216K)
 Metaspace       used 77519K, capacity 83580K, committed 83656K, reserved 1114112K
  class space    used 9663K, capacity 11703K, committed 11768K, reserved 1040384K
}
Event: 4.189 GC heap before
{Heap before GC invocations=29 (full 0):
 garbage-first heap   total 223232K, used 139710K [0x0000000080000000, 0x0000000100000000)
  region size 1024K, 80 young (81920K), 9 survivors (9216K)
 Metaspace       used 81344K, capacity 87522K, committed 87752K, reserved 1116160K
  class space    used 10220K, capacity 12225K, committed 12280K, reserved 1040384K
}
Event: 4.193 GC heap after
{Heap after GC invocations=30 (full 0):
 garbage-first heap   total 223232K, used 85199K [0x0000000080000000, 0x0000000100000000)
  region size 1024K, 10 young (10240K), 10 survivors (10240K)
 Metaspace       used 81344K, capacity 87522K, committed 87752K, reserved 1116160K
  class space    used 10220K, capacity 12225K, committed 12280K, reserved 1040384K
}
Event: 4.196 GC heap before
{Heap before GC invocations=30 (full 0):
 garbage-first heap   total 223232K, used 86223K [0x0000000080000000, 0x0000000100000000)
  region size 1024K, 11 young (11264K), 10 survivors (10240K)
 Metaspace       used 81344K, capacity 87522K, committed 87752K, reserved 1116160K
  class space    used 10220K, capacity 12225K, committed 12280K, reserved 1040384K
}
Event: 4.198 GC heap after
{Heap after GC invocations=31 (full 0):
 garbage-first heap   total 223232K, used 86530K [0x0000000080000000, 0x0000000100000000)
  region size 1024K, 2 young (2048K), 2 survivors (2048K)
 Metaspace       used 81344K, capacity 87522K, committed 87752K, reserved 1116160K
  class space    used 10220K, capacity 12225K, committed 12280K, reserved 1040384K
}
Event: 4.747 GC heap before
{Heap before GC invocations=31 (full 0):
 garbage-first heap   total 223232K, used 148994K [0x0000000080000000, 0x0000000100000000)
  region size 1024K, 63 young (64512K), 2 survivors (2048K)
 Metaspace       used 96511K, capacity 103426K, committed 103496K, reserved 1128448K
  class space    used 13081K, capacity 15419K, committed 15480K, reserved 1040384K
}
Event: 4.751 GC heap after
{Heap after GC invocations=32 (full 0):
 garbage-first heap   total 223232K, used 89364K [0x0000000080000000, 0x0000000100000000)
  region size 1024K, 5 young (5120K), 5 survivors (5120K)
 Metaspace       used 96511K, capacity 103426K, committed 103496K, reserved 1128448K
  class space    used 13081K, capacity 15419K, committed 15480K, reserved 1040384K
}
Event: 5.315 GC heap before
{Heap before GC invocations=32 (full 0):
 garbage-first heap   total 223232K, used 155924K [0x0000000080000000, 0x0000000100000000)
  region size 1024K, 70 young (71680K), 5 survivors (5120K)
 Metaspace       used 111836K, capacity 119354K, committed 119624K, reserved 1142784K
  class space    used 15159K, capacity 17745K, committed 17784K, reserved 1040384K
}
Event: 5.319 GC heap after
{Heap after GC invocations=33 (full 0):
 garbage-first heap   total 223232K, used 93121K [0x0000000080000000, 0x0000000100000000)
  region size 1024K, 8 young (8192K), 8 survivors (8192K)
 Metaspace       used 111836K, capacity 119354K, committed 119624K, reserved 1142784K
  class space    used 15159K, capacity 17745K, committed 17784K, reserved 1040384K
}
Event: 5.661 GC heap before
{Heap before GC invocations=33 (full 0):
 garbage-first heap   total 223232K, used 162753K [0x0000000080000000, 0x0000000100000000)
  region size 1024K, 76 young (77824K), 8 survivors (8192K)
 Metaspace       used 119250K, capacity 126905K, committed 127176K, reserved 1148928K
  class space    used 16055K, capacity 18601K, committed 18680K, reserved 1040384K
}
Event: 5.665 GC heap after
{Heap after GC invocations=34 (full 0):
 garbage-first heap   total 223232K, used 96641K [0x0000000080000000, 0x0000000100000000)
  region size 1024K, 8 young (8192K), 8 survivors (8192K)
 Metaspace       used 119250K, capacity 126905K, committed 127176K, reserved 1148928K
  class space    used 16055K, capacity 18601K, committed 18680K, reserved 1040384K
}
Event: 5.728 GC heap before
{Heap before GC invocations=34 (full 0):
 garbage-first heap   total 223232K, used 167297K [0x0000000080000000, 0x0000000100000000)
  region size 1024K, 77 young (78848K), 8 survivors (8192K)
 Metaspace       used 119307K, capacity 126970K, committed 127176K, reserved 1148928K
  class space    used 16056K, capacity 18601K, committed 18680K, reserved 1040384K
}
Event: 5.733 GC heap after
{Heap after GC invocations=35 (full 0):
 garbage-first heap   total 223232K, used 97503K [0x0000000080000000, 0x0000000100000000)
  region size 1024K, 5 young (5120K), 5 survivors (5120K)
 Metaspace       used 119307K, capacity 126970K, committed 127176K, reserved 1148928K
  class space    used 16056K, capacity 18601K, committed 18680K, reserved 1040384K
}
Event: 6.164 GC heap before
{Heap before GC invocations=35 (full 0):
 garbage-first heap   total 223232K, used 172255K [0x0000000080000000, 0x0000000100000000)
  region size 1024K, 78 young (79872K), 5 survivors (5120K)
 Metaspace       used 121301K, capacity 128951K, committed 129096K, reserved 1150976K
  class space    used 16300K, capacity 18938K, committed 19064K, reserved 1040384K
}
Event: 6.169 GC heap after
{Heap after GC invocations=36 (full 0):
 garbage-first heap   total 223232K, used 99549K [0x0000000080000000, 0x0000000100000000)
  region size 1024K, 7 young (7168K), 7 survivors (7168K)
 Metaspace       used 121301K, capacity 128951K, committed 129096K, reserved 1150976K
  class space    used 16300K, capacity 18938K, committed 19064K, reserved 1040384K
}
Event: 6.542 GC heap before
{Heap before GC invocations=36 (full 0):
 garbage-first heap   total 223232K, used 175325K [0x0000000080000000, 0x0000000100000000)
  region size 1024K, 81 young (82944K), 7 survivors (7168K)
 Metaspace       used 121502K, capacity 129148K, committed 129352K, reserved 1150976K
  class space    used 16300K, capacity 18938K, committed 19064K, reserved 1040384K
}
Event: 6.549 GC heap after
{Heap after GC invocations=37 (full 0):
 garbage-first heap   total 223232K, used 100899K [0x0000000080000000, 0x0000000100000000)
  region size 1024K, 5 young (5120K), 5 survivors (5120K)
 Metaspace       used 121502K, capacity 129148K, committed 129352K, reserved 1150976K
  class space    used 16300K, capacity 18938K, committed 19064K, reserved 1040384K
}
Event: 7.231 GC heap before
{Heap before GC invocations=37 (full 0):
 garbage-first heap   total 223232K, used 177699K [0x0000000080000000, 0x0000000100000000)
  region size 1024K, 81 young (82944K), 5 survivors (5120K)
 Metaspace       used 125033K, capacity 132941K, committed 133064K, reserved 1155072K
  class space    used 16879K, capacity 19634K, committed 19704K, reserved 1040384K
}
Event: 7.234 GC heap after
{Heap after GC invocations=38 (full 0):
 garbage-first heap   total 223232K, used 102820K [0x0000000080000000, 0x0000000100000000)
  region size 1024K, 7 young (7168K), 7 survivors (7168K)
 Metaspace       used 125033K, capacity 132941K, committed 133064K, reserved 1155072K
  class space    used 16879K, capacity 19634K, committed 19704K, reserved 1040384K
}

Deoptimization events (20 events):
Event: 10.877 Thread 0x0000000002220000 DEOPT UNPACKING pc=0x00007b957e8082a5 sp=0x00007b9562dfe3b0 mode 2
Event: 10.877 Thread 0x00007b94b401e800 Uncommon trap: reason=unstable_if action=reinterpret pc=0x00007b9586521f24 method=java.util.concurrent.SynchronousQueue$TransferStack.awaitFulfill(Ljava/util/concurrent/SynchronousQueue$TransferStack$SNode;ZJ)Ljava/util/concurrent/SynchronousQueue$Transfe
Event: 10.877 Thread 0x00007b93dc001000 Uncommon trap: reason=unstable_if action=reinterpret pc=0x00007b9586521f24 method=java.util.concurrent.SynchronousQueue$TransferStack.awaitFulfill(Ljava/util/concurrent/SynchronousQueue$TransferStack$SNode;ZJ)Ljava/util/concurrent/SynchronousQueue$Transfe
Event: 10.877 Thread 0x00007b94b401e800 DEOPT PACKING pc=0x00007b9586521f24 sp=0x00007b95557fe400
Event: 10.877 Thread 0x00007b94b4015800 Uncommon trap: reason=unstable_if action=reinterpret pc=0x00007b9586521f24 method=java.util.concurrent.SynchronousQueue$TransferStack.awaitFulfill(Ljava/util/concurrent/SynchronousQueue$TransferStack$SNode;ZJ)Ljava/util/concurrent/SynchronousQueue$Transfe
Event: 10.877 Thread 0x00007b93dc001000 DEOPT PACKING pc=0x00007b9586521f24 sp=0x00007b95487fe400
Event: 10.877 Thread 0x00007b9420001000 DEOPT UNPACKING pc=0x00007b957e8082a5 sp=0x00007b954affe3b0 mode 2
Event: 10.877 Thread 0x00007b94b4015800 DEOPT PACKING pc=0x00007b9586521f24 sp=0x00007b9556bfe400
Event: 10.877 Thread 0x00007b94b4006000 DEOPT UNPACKING pc=0x00007b957e8082a5 sp=0x00007b9560dfe3b0 mode 2
Event: 10.877 Thread 0x00007b94b4025000 DEOPT PACKING pc=0x00007b9586521f24 sp=0x00007b9554dfe400
Event: 10.877 Thread 0x00007b94b4025000 DEOPT UNPACKING pc=0x00007b957e8082a5 sp=0x00007b9554dfe3b0 mode 2
Event: 10.877 Thread 0x00007b94b401e800 DEOPT UNPACKING pc=0x00007b957e8082a5 sp=0x00007b95557fe3b0 mode 2
Event: 10.877 Thread 0x00007b94b4015800 DEOPT UNPACKING pc=0x00007b957e8082a5 sp=0x00007b9556bfe3b0 mode 2
Event: 10.877 Thread 0x00007b93dc001000 DEOPT UNPACKING pc=0x00007b957e8082a5 sp=0x00007b95487fe3b0 mode 2
Event: 10.877 Thread 0x00007b94b402a000 Uncommon trap: trap_request=0xffffff4d fr.pc=0x00007b9586521f24 relative=0x0000000000000464
Event: 10.877 Thread 0x00007b94b402a000 Uncommon trap: reason=unstable_if action=reinterpret pc=0x00007b9586521f24 method=java.util.concurrent.SynchronousQueue$TransferStack.awaitFulfill(Ljava/util/concurrent/SynchronousQueue$TransferStack$SNode;ZJ)Ljava/util/concurrent/SynchronousQueue$Transfe
Event: 10.877 Thread 0x00007b94b402a000 DEOPT PACKING pc=0x00007b9586521f24 sp=0x00007b954b7fe400
Event: 10.877 Thread 0x00007b94b402a000 DEOPT UNPACKING pc=0x00007b957e8082a5 sp=0x00007b954b7fe3b0 mode 2
Event: 12.113 Thread 0x0000000001d90000 DEOPT PACKING pc=0x00007b9580b0b66b sp=0x00007fff4a1d0020
Event: 12.113 Thread 0x0000000001d90000 DEOPT UNPACKING pc=0x00007b957e8499fa sp=0x00007fff4a1cf5d0 mode 0

Classes redefined (0 events):
No events

Internal exceptions (20 events):
Event: 5.309 Thread 0x00007b92c4002800 Exception <a 'java/lang/IllegalStateException'{0x0000000089479098}> (0x0000000089479098) thrown at [./src/hotspot/share/prims/jvm.cpp, line 1310]
Event: 5.948 Thread 0x0000000001d90000 Exception <a 'java/lang/IllegalStateException'{0x000000008cbf2398}> (0x000000008cbf2398) thrown at [./src/hotspot/share/prims/jvm.cpp, line 1310]
Event: 5.948 Thread 0x0000000001d90000 Exception <a 'java/lang/IllegalStateException'{0x000000008cbf55c0}> (0x000000008cbf55c0) thrown at [./src/hotspot/share/prims/jvm.cpp, line 1310]
Event: 6.024 Thread 0x0000000001d90000 Exception <a 'java/lang/NoSuchMethodError'{0x000000008b9e7e00}: 'java.lang.Object java.lang.invoke.DirectMethodHandle$Holder.invokeVirtual(java.lang.Object, java.lang.Object, int)'> (0x000000008b9e7e00) thrown at [./src/hotspot/share/interpreter/linkResolver.cpp, line 773]
Event: 6.086 Thread 0x0000000001d90000 Exception <a 'java/lang/IllegalStateException'{0x0000000089fd6970}> (0x0000000089fd6970) thrown at [./src/hotspot/share/prims/jvm.cpp, line 1310]
Event: 6.086 Thread 0x0000000001d90000 Exception <a 'java/lang/IllegalStateException'{0x0000000089fd9ba8}> (0x0000000089fd9ba8) thrown at [./src/hotspot/share/prims/jvm.cpp, line 1310]
Event: 6.709 Thread 0x0000000001d90000 Implicit null exception at 0x00007b9586b63bf7 to 0x00007b9586b654e0
Event: 6.743 Thread 0x0000000001d90000 Exception <a 'java/lang/IllegalStateException'{0x000000008c9686d8}> (0x000000008c9686d8) thrown at [./src/hotspot/share/prims/jvm.cpp, line 1310]
Event: 6.743 Thread 0x0000000001d90000 Exception <a 'java/lang/IllegalStateException'{0x000000008c96c3a8}> (0x000000008c96c3a8) thrown at [./src/hotspot/share/prims/jvm.cpp, line 1310]
Event: 6.897 Thread 0x0000000001d90000 Exception <a 'java/lang/IllegalStateException'{0x000000008ace0150}> (0x000000008ace0150) thrown at [./src/hotspot/share/prims/jvm.cpp, line 1310]
Event: 6.898 Thread 0x0000000001d90000 Exception <a 'java/lang/IllegalStateException'{0x000000008ace3620}> (0x000000008ace3620) thrown at [./src/hotspot/share/prims/jvm.cpp, line 1310]
Event: 7.038 Thread 0x0000000001d90000 Exception <a 'java/lang/IllegalStateException'{0x0000000089d87258}> (0x0000000089d87258) thrown at [./src/hotspot/share/prims/jvm.cpp, line 1310]
Event: 7.038 Thread 0x0000000001d90000 Exception <a 'java/lang/IllegalStateException'{0x0000000089d8a9d8}> (0x0000000089d8a9d8) thrown at [./src/hotspot/share/prims/jvm.cpp, line 1310]
Event: 7.279 Thread 0x0000000001d90000 Exception <a 'java/lang/IllegalStateException'{0x000000008d364608}> (0x000000008d364608) thrown at [./src/hotspot/share/prims/jvm.cpp, line 1310]
Event: 7.279 Thread 0x0000000001d90000 Exception <a 'java/lang/IllegalStateException'{0x000000008d3672e8}> (0x000000008d3672e8) thrown at [./src/hotspot/share/prims/jvm.cpp, line 1310]
Event: 7.386 Thread 0x0000000001d90000 Exception <a 'java/lang/IllegalStateException'{0x000000008c2cf638}> (0x000000008c2cf638) thrown at [./src/hotspot/share/prims/jvm.cpp, line 1310]
Event: 7.386 Thread 0x0000000001d90000 Exception <a 'java/lang/IllegalStateException'{0x000000008c2d1dd0}> (0x000000008c2d1dd0) thrown at [./src/hotspot/share/prims/jvm.cpp, line 1310]
Event: 7.908 Thread 0x00007b92c4002800 Exception <a 'java/lang/IllegalStateException'{0x000000008af6deb8}> (0x000000008af6deb8) thrown at [./src/hotspot/share/prims/jvm.cpp, line 1310]
Event: 7.909 Thread 0x00007b92c4002800 Exception <a 'java/lang/IllegalStateException'{0x000000008af6fba8}> (0x000000008af6fba8) thrown at [./src/hotspot/share/prims/jvm.cpp, line 1310]
Event: 7.911 Thread 0x00007b92c4002800 Exception <a 'java/lang/NoSuchMethodError'{0x000000008ae28358}: 'java.lang.Object java.lang.invoke.DirectMethodHandle$Holder.invokeInterface(java.lang.Object, java.lang.Object, java.lang.Object)'> (0x000000008ae28358) thrown at [./src/hotspot/share/interpreter/linkResolver.cpp, line 773]

Events (20 events):
Event: 12.102 Thread 0x00007b95340f2800 Thread added: 0x00007b95340f2800
Event: 12.102 Protecting memory [0x00007b954b400000,0x00007b954b404000] with protection modes 0
Event: 12.103 Executing VM operation: Deoptimize
Event: 12.104 Executing VM operation: Deoptimize done
Event: 12.109 loading class org/eclipse/swt/widgets/Event
Event: 12.109 loading class org/eclipse/swt/widgets/Event done
Event: 12.109 loading class org/eclipse/swt/widgets/Composite
Event: 12.109 loading class org/eclipse/swt/widgets/Composite done
Event: 12.109 loading class org/eclipse/swt/widgets/Composite
Event: 12.109 loading class org/eclipse/swt/widgets/Composite done
Event: 12.109 loading class org/eclipse/swt/widgets/ScrollBar
Event: 12.109 loading class org/eclipse/swt/widgets/ScrollBar done
Event: 12.109 loading class org/eclipse/swt/widgets/ScrollBar
Event: 12.109 loading class org/eclipse/swt/widgets/ScrollBar done
Event: 12.128 Loaded shared library /home/frocha/.comsol/v60/configuration/comsol/org.eclipse.osgi/44/0/.cp/libswt-pi3-gtk-4944r26.so
Event: 12.130 Executing VM operation: Deoptimize
Event: 12.131 Executing VM operation: Deoptimize done
Event: 12.131 loading class org/eclipse/swt/browser/BrowserInitializer
Event: 12.131 loading class org/eclipse/swt/browser/BrowserInitializer done
Event: 12.139 Loaded shared library /home/frocha/.comsol/v60/configuration/comsol/org.eclipse.osgi/44/0/.cp/libswt-webkit-gtk-4944r26.so


Dynamic libraries:
00400000-00407000 r-xp 00000000 103:03 7605371                           /opt/comsol60/multiphysics/bin/glnxa64/comsollauncher
00606000-00607000 r--p 00006000 103:03 7605371                           /opt/comsol60/multiphysics/bin/glnxa64/comsollauncher
00607000-00608000 rw-p 00007000 103:03 7605371                           /opt/comsol60/multiphysics/bin/glnxa64/comsollauncher
019b4000-05fbc000 rw-p 00000000 00:00 0                                  [heap]
401c9000-401cb000 r-xs 00000000 00:01 2074                               /memfd:/.glXXXXXX (deleted)
408d1000-40980000 rw-p 00000000 00:00 0 
41c80000-41dd8000 rw-p 00000000 00:00 0 
80000000-8da00000 rw-p 00000000 00:00 0 
8da00000-100000000 ---p 00000000 00:00 0 
100000000-10139e000 rw-p 00000000 00:00 0 
10139e000-13f800000 ---p 00000000 00:00 0 
7b7800000000-7b8000000000 rw-p 00000000 00:00 0 
7b8000000000-7b8800000000 ---p 00000000 00:00 0 
7b8800000000-7b8c00000000 rw-p 00000000 00:00 0 
7b9187200000-7b91c7202000 rwxp 00000000 00:00 0 
7b91c7400000-7b91cf400000 rw-p 00000000 00:00 0 
7b91cf400000-7b91cfad2000 r--p 00000000 103:03 11536959                  /usr/lib/x86_64-linux-gnu/libwebkit2gtk-4.0.so.37.68.7
7b91cfad2000-7b91d2b83000 r-xp 006d2000 103:03 11536959                  /usr/lib/x86_64-linux-gnu/libwebkit2gtk-4.0.so.37.68.7
7b91d2b83000-7b91d3bd4000 r--p 03783000 103:03 11536959                  /usr/lib/x86_64-linux-gnu/libwebkit2gtk-4.0.so.37.68.7
7b91d3bd4000-7b91d3e72000 r--p 047d3000 103:03 11536959                  /usr/lib/x86_64-linux-gnu/libwebkit2gtk-4.0.so.37.68.7
7b91d3e72000-7b91d3ed8000 rw-p 04a71000 103:03 11536959                  /usr/lib/x86_64-linux-gnu/libwebkit2gtk-4.0.so.37.68.7
7b91d3ed8000-7b91d3f00000 rw-p 00000000 00:00 0 
7b91d4000000-7b91d51b5000 rw-p 00000000 00:00 0 
7b91d51b5000-7b91d8000000 ---p 00000000 00:00 0 
7b91dc000000-7b91dc021000 rw-p 00000000 00:00 0 
7b91dc021000-7b91e0000000 ---p 00000000 00:00 0 
7b91e0000000-7b91e0297000 rw-p 00000000 00:00 0 
7b91e0297000-7b91e4000000 ---p 00000000 00:00 0 
7b91e8000000-7b91e8caa000 rw-p 00000000 00:00 0 
7b91e8caa000-7b91ec000000 ---p 00000000 00:00 0 
7b91ec000000-7b91ed31a000 rw-p 00000000 00:00 0 
7b91ed31a000-7b91f0000000 ---p 00000000 00:00 0 
7b91f4000000-7b91f4621000 rw-p 00000000 00:00 0 
7b91f4621000-7b91f8000000 ---p 00000000 00:00 0 
7b91f8000000-7b91f8021000 rw-p 00000000 00:00 0 
7b91f8021000-7b91fc000000 ---p 00000000 00:00 0 
7b9200000000-7b9200c7e000 rw-p 00000000 00:00 0 
7b9200c7e000-7b9204000000 ---p 00000000 00:00 0 
7b9204000000-7b9204021000 rw-p 00000000 00:00 0 
7b9204021000-7b9208000000 ---p 00000000 00:00 0 
7b920c000000-7b920c021000 rw-p 00000000 00:00 0 
7b920c021000-7b9210000000 ---p 00000000 00:00 0 
7b9210000000-7b9210021000 rw-p 00000000 00:00 0 
7b9210021000-7b9214000000 ---p 00000000 00:00 0 
7b9218000000-7b9218021000 rw-p 00000000 00:00 0 
7b9218021000-7b921c000000 ---p 00000000 00:00 0 
7b921c000000-7b921c021000 rw-p 00000000 00:00 0 
7b921c021000-7b9220000000 ---p 00000000 00:00 0 
7b9224000000-7b9224021000 rw-p 00000000 00:00 0 
7b9224021000-7b9228000000 ---p 00000000 00:00 0 
7b9228000000-7b9228021000 rw-p 00000000 00:00 0 
7b9228021000-7b922c000000 ---p 00000000 00:00 0 
7b9230000000-7b9230021000 rw-p 00000000 00:00 0 
7b9230021000-7b9234000000 ---p 00000000 00:00 0 
7b9234000000-7b92344c0000 rw-p 00000000 00:00 0 
7b92344c0000-7b9238000000 ---p 00000000 00:00 0 
7b923c000000-7b923c586000 rw-p 00000000 00:00 0 
7b923c586000-7b9240000000 ---p 00000000 00:00 0 
7b9240000000-7b9240021000 rw-p 00000000 00:00 0 
7b9240021000-7b9244000000 ---p 00000000 00:00 0 
7b9248000000-7b9248021000 rw-p 00000000 00:00 0 
7b9248021000-7b924c000000 ---p 00000000 00:00 0 
7b924c000000-7b924c021000 rw-p 00000000 00:00 0 
7b924c021000-7b9250000000 ---p 00000000 00:00 0 
7b9254000000-7b9254021000 rw-p 00000000 00:00 0 
7b9254021000-7b9258000000 ---p 00000000 00:00 0 
7b9258000000-7b9258021000 rw-p 00000000 00:00 0 
7b9258021000-7b925c000000 ---p 00000000 00:00 0 
7b9260000000-7b9260021000 rw-p 00000000 00:00 0 
7b9260021000-7b9264000000 ---p 00000000 00:00 0 
7b9264000000-7b9264021000 rw-p 00000000 00:00 0 
7b9264021000-7b9268000000 ---p 00000000 00:00 0 
7b926c000000-7b926c021000 rw-p 00000000 00:00 0 
7b926c021000-7b9270000000 ---p 00000000 00:00 0 
7b9270000000-7b9270021000 rw-p 00000000 00:00 0 
7b9270021000-7b9274000000 ---p 00000000 00:00 0 
7b9278000000-7b9278021000 rw-p 00000000 00:00 0 
7b9278021000-7b927c000000 ---p 00000000 00:00 0 
7b927c000000-7b927c021000 rw-p 00000000 00:00 0 
7b927c021000-7b9280000000 ---p 00000000 00:00 0 
7b9280000000-7b9280021000 rw-p 00000000 00:00 0 
7b9280021000-7b9284000000 ---p 00000000 00:00 0 
7b9288000000-7b9288021000 rw-p 00000000 00:00 0 
7b9288021000-7b928c000000 ---p 00000000 00:00 0 
7b928c000000-7b928c021000 rw-p 00000000 00:00 0 
7b928c021000-7b9290000000 ---p 00000000 00:00 0 
7b9294000000-7b9294021000 rw-p 00000000 00:00 0 
7b9294021000-7b9298000000 ---p 00000000 00:00 0 
7b9298000000-7b9298021000 rw-p 00000000 00:00 0 
7b9298021000-7b929c000000 ---p 00000000 00:00 0 
7b92a0000000-7b92a0021000 rw-p 00000000 00:00 0 
7b92a0021000-7b92a4000000 ---p 00000000 00:00 0 
7b92a4000000-7b92a4021000 rw-p 00000000 00:00 0 
7b92a4021000-7b92a8000000 ---p 00000000 00:00 0 
7b92ac000000-7b92ac021000 rw-p 00000000 00:00 0 
7b92ac021000-7b92b0000000 ---p 00000000 00:00 0 
7b92b0000000-7b92b0021000 rw-p 00000000 00:00 0 
7b92b0021000-7b92b4000000 ---p 00000000 00:00 0 
7b92b8000000-7b92b8021000 rw-p 00000000 00:00 0 
7b92b8021000-7b92bc000000 ---p 00000000 00:00 0 
7b92bc000000-7b92bffe2000 rw-p 00000000 00:00 0 
7b92bffe2000-7b92c0000000 ---p 00000000 00:00 0 
7b92c4000000-7b92c40bf000 rw-p 00000000 00:00 0 
7b92c40bf000-7b92c8000000 ---p 00000000 00:00 0 
7b92c8000000-7b92c8021000 rw-p 00000000 00:00 0 
7b92c8021000-7b92cc000000 ---p 00000000 00:00 0 
7b92d0000000-7b92d0021000 rw-p 00000000 00:00 0 
7b92d0021000-7b92d4000000 ---p 00000000 00:00 0 
7b92d4000000-7b92d4021000 rw-p 00000000 00:00 0 
7b92d4021000-7b92d8000000 ---p 00000000 00:00 0 
7b92dc000000-7b92dc021000 rw-p 00000000 00:00 0 
7b92dc021000-7b92e0000000 ---p 00000000 00:00 0 
7b92e0000000-7b92e0021000 rw-p 00000000 00:00 0 
7b92e0021000-7b92e4000000 ---p 00000000 00:00 0 
7b92e8000000-7b92e8021000 rw-p 00000000 00:00 0 
7b92e8021000-7b92ec000000 ---p 00000000 00:00 0 
7b92ec000000-7b92ec021000 rw-p 00000000 00:00 0 
7b92ec021000-7b92f0000000 ---p 00000000 00:00 0 
7b92f4000000-7b92f7ffc000 rw-p 00000000 00:00 0 
7b92f7ffc000-7b92f8000000 ---p 00000000 00:00 0 
7b92f8000000-7b92f8021000 rw-p 00000000 00:00 0 
7b92f8021000-7b92fc000000 ---p 00000000 00:00 0 
7b9300000000-7b9300021000 rw-p 00000000 00:00 0 
7b9300021000-7b9304000000 ---p 00000000 00:00 0 
7b9304000000-7b9304021000 rw-p 00000000 00:00 0 
7b9304021000-7b9308000000 ---p 00000000 00:00 0 
7b930c000000-7b930c021000 rw-p 00000000 00:00 0 
7b930c021000-7b9310000000 ---p 00000000 00:00 0 
7b9310000000-7b9310021000 rw-p 00000000 00:00 0 
7b9310021000-7b9314000000 ---p 00000000 00:00 0 
7b9318000000-7b9318021000 rw-p 00000000 00:00 0 
7b9318021000-7b931c000000 ---p 00000000 00:00 0 
7b931c000000-7b931c021000 rw-p 00000000 00:00 0 
7b931c021000-7b9320000000 ---p 00000000 00:00 0 
7b9324000000-7b9324021000 rw-p 00000000 00:00 0 
7b9324021000-7b9328000000 ---p 00000000 00:00 0 
7b9328000000-7b9328021000 rw-p 00000000 00:00 0 
7b9328021000-7b932c000000 ---p 00000000 00:00 0 
7b9330000000-7b9330021000 rw-p 00000000 00:00 0 
7b9330021000-7b9334000000 ---p 00000000 00:00 0 
7b9337200000-7b933b9f9000 r-xp 00000000 103:03 7609989                   /opt/comsol60/multiphysics/lib/glnxa64/libcsmklblas.so
7b933b9f9000-7b933bbf9000 ---p 047f9000 103:03 7609989                   /opt/comsol60/multiphysics/lib/glnxa64/libcsmklblas.so
7b933bbf9000-7b933bc02000 r--p 047f9000 103:03 7609989                   /opt/comsol60/multiphysics/lib/glnxa64/libcsmklblas.so
7b933bc02000-7b933bc33000 rw-p 04802000 103:03 7609989                   /opt/comsol60/multiphysics/lib/glnxa64/libcsmklblas.so
7b933bc33000-7b933bc3c000 rw-p 00000000 00:00 0 
7b933c000000-7b933c021000 rw-p 00000000 00:00 0 
7b933c021000-7b9340000000 ---p 00000000 00:00 0 
7b9340000000-7b9340021000 rw-p 00000000 00:00 0 
7b9340021000-7b9344000000 ---p 00000000 00:00 0 
7b9348000000-7b9348021000 rw-p 00000000 00:00 0 
7b9348021000-7b934c000000 ---p 00000000 00:00 0 
7b934c000000-7b934c021000 rw-p 00000000 00:00 0 
7b934c021000-7b9350000000 ---p 00000000 00:00 0 
7b9354000000-7b9354021000 rw-p 00000000 00:00 0 
7b9354021000-7b9358000000 ---p 00000000 00:00 0 
7b9358000000-7b9358021000 rw-p 00000000 00:00 0 
7b9358021000-7b935c000000 ---p 00000000 00:00 0 
7b9360000000-7b9360021000 rw-p 00000000 00:00 0 
7b9360021000-7b9364000000 ---p 00000000 00:00 0 
7b9364000000-7b9364021000 rw-p 00000000 00:00 0 
7b9364021000-7b9368000000 ---p 00000000 00:00 0 
7b936c000000-7b936c021000 rw-p 00000000 00:00 0 
7b936c021000-7b9370000000 ---p 00000000 00:00 0 
7b9370000000-7b9370021000 rw-p 00000000 00:00 0 
7b9370021000-7b9374000000 ---p 00000000 00:00 0 
7b9378000000-7b9378245000 rw-p 00000000 00:00 0 
7b9378245000-7b937c000000 ---p 00000000 00:00 0 
7b937c000000-7b937c850000 rw-p 00000000 00:00 0 
7b937c850000-7b9380000000 ---p 00000000 00:00 0 
7b9384000000-7b9384fe8000 rw-p 00000000 00:00 0 
7b9384fe8000-7b9388000000 ---p 00000000 00:00 0 
7b9388000000-7b9388021000 rw-p 00000000 00:00 0 
7b9388021000-7b938c000000 ---p 00000000 00:00 0 
7b9390000000-7b9390021000 rw-p 00000000 00:00 0 
7b9390021000-7b9394000000 ---p 00000000 00:00 0 
7b9394000000-7b9394021000 rw-p 00000000 00:00 0 
7b9394021000-7b9398000000 ---p 00000000 00:00 0 
7b939c000000-7b939c021000 rw-p 00000000 00:00 0 
7b939c021000-7b93a0000000 ---p 00000000 00:00 0 
7b93a0000000-7b93a0021000 rw-p 00000000 00:00 0 
7b93a0021000-7b93a4000000 ---p 00000000 00:00 0 
7b93a8000000-7b93a8021000 rw-p 00000000 00:00 0 
7b93a8021000-7b93ac000000 ---p 00000000 00:00 0 
7b93ac000000-7b93ac021000 rw-p 00000000 00:00 0 
7b93ac021000-7b93b0000000 ---p 00000000 00:00 0 
7b93b4000000-7b93b4021000 rw-p 00000000 00:00 0 
7b93b4021000-7b93b8000000 ---p 00000000 00:00 0 
7b93b8000000-7b93b8021000 rw-p 00000000 00:00 0 
7b93b8021000-7b93bc000000 ---p 00000000 00:00 0 
7b93c0000000-7b93c0021000 rw-p 00000000 00:00 0 
7b93c0021000-7b93c4000000 ---p 00000000 00:00 0 
7b93c4000000-7b93c52a3000 rw-p 00000000 00:00 0 
7b93c52a3000-7b93c8000000 ---p 00000000 00:00 0 
7b93cc000000-7b93cc021000 rw-p 00000000 00:00 0 
7b93cc021000-7b93d0000000 ---p 00000000 00:00 0 
7b93d0000000-7b93d0021000 rw-p 00000000 00:00 0 
7b93d0021000-7b93d4000000 ---p 00000000 00:00 0 
7b93d8000000-7b93d8021000 rw-p 00000000 00:00 0 
7b93d8021000-7b93dc000000 ---p 00000000 00:00 0 
7b93dc000000-7b93dc021000 rw-p 00000000 00:00 0 
7b93dc021000-7b93e0000000 ---p 00000000 00:00 0 
7b93e4000000-7b93e4021000 rw-p 00000000 00:00 0 
7b93e4021000-7b93e8000000 ---p 00000000 00:00 0 
7b93e8000000-7b93e8021000 rw-p 00000000 00:00 0 
7b93e8021000-7b93ec000000 ---p 00000000 00:00 0 
7b93f0000000-7b93f0021000 rw-p 00000000 00:00 0 
7b93f0021000-7b93f4000000 ---p 00000000 00:00 0 
7b93f4000000-7b93f4021000 rw-p 00000000 00:00 0 
7b93f4021000-7b93f8000000 ---p 00000000 00:00 0 
7b93fc000000-7b93fc021000 rw-p 00000000 00:00 0 
7b93fc021000-7b9400000000 ---p 00000000 00:00 0 
7b9400000000-7b9400021000 rw-p 00000000 00:00 0 
7b9400021000-7b9404000000 ---p 00000000 00:00 0 
7b9408000000-7b9408021000 rw-p 00000000 00:00 0 
7b9408021000-7b940c000000 ---p 00000000 00:00 0 
7b940c000000-7b940c021000 rw-p 00000000 00:00 0 
7b940c021000-7b9410000000 ---p 00000000 00:00 0 
7b9411400000-7b94116ca000 r--p 00000000 103:03 11546287                  /usr/lib/x86_64-linux-gnu/libnvidia-eglcore.so.535.183.01
7b94116ca000-7b9412d1b000 r-xp 002ca000 103:03 11546287                  /usr/lib/x86_64-linux-gnu/libnvidia-eglcore.so.535.183.01
7b9412d1b000-7b9413bb3000 r--p 0191b000 103:03 11546287                  /usr/lib/x86_64-linux-gnu/libnvidia-eglcore.so.535.183.01
7b9413bb3000-7b9413d87000 r--p 027b2000 103:03 11546287                  /usr/lib/x86_64-linux-gnu/libnvidia-eglcore.so.535.183.01
7b9413d87000-7b9413de1000 rw-p 02986000 103:03 11546287                  /usr/lib/x86_64-linux-gnu/libnvidia-eglcore.so.535.183.01
7b9413de1000-7b9413e15000 rw-p 00000000 00:00 0 
7b9414000000-7b9414021000 rw-p 00000000 00:00 0 
7b9414021000-7b9418000000 ---p 00000000 00:00 0 
7b9418000000-7b941803c000 rw-p 00000000 00:00 0 
7b941803c000-7b941c000000 ---p 00000000 00:00 0 
7b941e000000-7b9420021000 rw-p 00000000 00:00 0 
7b9420021000-7b9424000000 ---p 00000000 00:00 0 
7b9424000000-7b9424021000 rw-p 00000000 00:00 0 
7b9424021000-7b9428000000 ---p 00000000 00:00 0 
7b9428a00000-7b9428a01000 r--p 00000000 103:03 11553846                  /usr/lib/x86_64-linux-gnu/libicudata.so.70.1
7b9428a01000-7b9428a02000 r-xp 00001000 103:03 11553846                  /usr/lib/x86_64-linux-gnu/libicudata.so.70.1
7b9428a02000-7b942a61c000 r--p 00002000 103:03 11553846                  /usr/lib/x86_64-linux-gnu/libicudata.so.70.1
7b942a61c000-7b942a61d000 r--p 01c1b000 103:03 11553846                  /usr/lib/x86_64-linux-gnu/libicudata.so.70.1
7b942a61d000-7b942a61e000 rw-p 01c1c000 103:03 11553846                  /usr/lib/x86_64-linux-gnu/libicudata.so.70.1
7b942a800000-7b942b60b000 rw-p 00000000 00:00 0 
7b942b800000-7b942bf61000 rw-p 00000000 00:00 0 
7b942c000000-7b942c021000 rw-p 00000000 00:00 0 
7b942c021000-7b9430000000 ---p 00000000 00:00 0 
7b9430000000-7b9430021000 rw-p 00000000 00:00 0 
7b9430021000-7b9434000000 ---p 00000000 00:00 0 
7b9434000000-7b9438000000 rw-s 00000000 00:01 4105                       /memfd:pulseaudio (deleted)
7b9438000000-7b9438021000 rw-p 00000000 00:00 0 
7b9438021000-7b943c000000 ---p 00000000 00:00 0 
7b943c000000-7b943ccbd000 rw-p 00000000 00:00 0 
7b943ccbd000-7b9440000000 ---p 00000000 00:00 0 
7b9440000000-7b9444000000 rw-s 00000000 00:01 4098                       /memfd:pulseaudio (deleted)
7b9444000000-7b9444021000 rw-p 00000000 00:00 0 
7b9444021000-7b9448000000 ---p 00000000 00:00 0 
7b9448000000-7b9449496000 rw-p 00000000 00:00 0 
7b9449496000-7b944c000000 ---p 00000000 00:00 0 
7b944c000000-7b9450000000 rw-s 00000000 00:01 2073                       /memfd:pulseaudio (deleted)
7b9450000000-7b945101e000 rw-p 00000000 00:00 0 
7b945101e000-7b9454000000 ---p 00000000 00:00 0 
7b9454000000-7b945513e000 rw-p 00000000 00:00 0 
7b945513e000-7b9458000000 ---p 00000000 00:00 0 
7b9458000000-7b945c000000 rw-s 00000000 00:01 2073                       /memfd:pulseaudio (deleted)
7b945c000000-7b945c021000 rw-p 00000000 00:00 0 
7b945c021000-7b9460000000 ---p 00000000 00:00 0 
7b9460000000-7b9460021000 rw-p 00000000 00:00 0 
7b9460021000-7b9464000000 ---p 00000000 00:00 0 
7b9464400000-7b9464b61000 rw-p 00000000 00:00 0 
7b9464c00000-7b9464c04000 ---p 00000000 00:00 0 
7b9464c04000-7b9465000000 rw-p 00000000 00:00 0 
7b9465000000-7b9465037000 r-xp 00000000 103:03 7610029                   /opt/comsol60/multiphysics/ext/graphicsmagick/glnxa64/libpng15.so.15.13.0
7b9465037000-7b9465236000 ---p 00037000 103:03 7610029                   /opt/comsol60/multiphysics/ext/graphicsmagick/glnxa64/libpng15.so.15.13.0
7b9465236000-7b9465237000 r--p 00036000 103:03 7610029                   /opt/comsol60/multiphysics/ext/graphicsmagick/glnxa64/libpng15.so.15.13.0
7b9465237000-7b9465238000 rw-p 00037000 103:03 7610029                   /opt/comsol60/multiphysics/ext/graphicsmagick/glnxa64/libpng15.so.15.13.0
7b9465600000-7b9465620000 r-xp 00000000 103:03 7610041                   /opt/comsol60/multiphysics/ext/graphicsmagick/glnxa64/png.so
7b9465620000-7b946581f000 ---p 00020000 103:03 7610041                   /opt/comsol60/multiphysics/ext/graphicsmagick/glnxa64/png.so
7b946581f000-7b9465820000 r--p 0001f000 103:03 7610041                   /opt/comsol60/multiphysics/ext/graphicsmagick/glnxa64/png.so
7b9465820000-7b9465821000 rw-p 00020000 103:03 7610041                   /opt/comsol60/multiphysics/ext/graphicsmagick/glnxa64/png.so
7b9465c00000-7b9465c01000 r-xp 00000000 103:03 5905626                   /opt/MATLAB/R2023a/bin/glnxa64/libX11-xcb.so.1.0.0
7b9465c01000-7b9465e00000 ---p 00001000 103:03 5905626                   /opt/MATLAB/R2023a/bin/glnxa64/libX11-xcb.so.1.0.0
7b9465e00000-7b9465e01000 r--p 00000000 103:03 5905626                   /opt/MATLAB/R2023a/bin/glnxa64/libX11-xcb.so.1.0.0
7b9465e01000-7b9465e02000 rw-p 00001000 103:03 5905626                   /opt/MATLAB/R2023a/bin/glnxa64/libX11-xcb.so.1.0.0
7b9466200000-7b9466201000 ---p 00000000 00:00 0 
7b9466201000-7b9466a01000 rw-p 00000000 00:00 0 
7b9466c00000-7b9466c01000 ---p 00000000 00:00 0 
7b9466c01000-7b9466c05000 ---p 00000000 00:00 0 
7b9466c05000-7b9467401000 rw-p 00000000 00:00 0 
7b9467600000-7b9467601000 ---p 00000000 00:00 0 
7b9467601000-7b9467605000 ---p 00000000 00:00 0 
7b9467605000-7b9467e01000 rw-p 00000000 00:00 0 
7b9468000000-7b9468021000 rw-p 00000000 00:00 0 
7b9468021000-7b946c000000 ---p 00000000 00:00 0 
7b946c000000-7b946c021000 rw-p 00000000 00:00 0 
7b946c021000-7b9470000000 ---p 00000000 00:00 0 
7b9470400000-7b9470401000 ---p 00000000 00:00 0 
7b9470401000-7b9470405000 ---p 00000000 00:00 0 
7b9470405000-7b9470c01000 rw-p 00000000 00:00 0 
7b9470e00000-7b9470e01000 ---p 00000000 00:00 0 
7b9470e01000-7b9470e05000 ---p 00000000 00:00 0 
7b9470e05000-7b9471601000 rw-p 00000000 00:00 0 
7b9471800000-7b9473357000 r-xp 00000000 103:03 5901512                   /opt/MATLAB/R2023a/bin/glnxa64/libicudata.so.69.1
7b9473357000-7b9473358000 r--p 01b56000 103:03 5901512                   /opt/MATLAB/R2023a/bin/glnxa64/libicudata.so.69.1
7b9473358000-7b9473359000 rw-p 01b57000 103:03 5901512                   /opt/MATLAB/R2023a/bin/glnxa64/libicudata.so.69.1
7b9473400000-7b947351e000 r--p 00000000 103:03 11555552                  /usr/lib/x86_64-linux-gnu/librsvg-2.so.2.48.0
7b947351e000-7b9473aa1000 r-xp 0011e000 103:03 11555552                  /usr/lib/x86_64-linux-gnu/librsvg-2.so.2.48.0
7b9473aa1000-7b9473d97000 r--p 006a1000 103:03 11555552                  /usr/lib/x86_64-linux-gnu/librsvg-2.so.2.48.0
7b9473d97000-7b9473e66000 r--p 00996000 103:03 11555552                  /usr/lib/x86_64-linux-gnu/librsvg-2.so.2.48.0
7b9473e66000-7b9473e68000 rw-p 00a65000 103:03 11555552                  /usr/lib/x86_64-linux-gnu/librsvg-2.so.2.48.0
7b9474000000-7b9474021000 rw-p 00000000 00:00 0 
7b9474021000-7b9478000000 ---p 00000000 00:00 0 
7b9478000000-7b9478021000 rw-p 00000000 00:00 0 
7b9478021000-7b947c000000 ---p 00000000 00:00 0 
7b947c400000-7b947c580000 rw-p 00000000 00:00 0 
7b947c580000-7b947c600000 ---p 00000000 00:00 0 
7b947c600000-7b947c7c0000 rw-p 00000000 00:00 0 
7b947c7c0000-7b947c9c0000 rw-p 00000000 00:00 0 
7b947c9c0000-7b947cbc0000 rw-p 00000000 00:00 0 
7b947cbc0000-7b947cdc0000 rw-p 00000000 00:00 0 
7b947cdc0000-7b947cfc0000 rw-p 00000000 00:00 0 
7b947cfc0000-7b947d200000 rw-p 00000000 00:00 0 
7b947d200000-7b947d646000 r-xp 00000000 103:03 7610007                   /opt/comsol60/multiphysics/lib/glnxa64/libcssplit.so
7b947d646000-7b947d846000 ---p 00446000 103:03 7610007                   /opt/comsol60/multiphysics/lib/glnxa64/libcssplit.so
7b947d846000-7b947d84a000 r--p 00446000 103:03 7610007                   /opt/comsol60/multiphysics/lib/glnxa64/libcssplit.so
7b947d84a000-7b947d851000 rw-p 0044a000 103:03 7610007                   /opt/comsol60/multiphysics/lib/glnxa64/libcssplit.so
7b947d851000-7b947d852000 rw-p 00000000 00:00 0 
7b947dc00000-7b947ddc0000 rw-p 00000000 00:00 0 
7b947ddc0000-7b947dfc0000 rw-p 00000000 00:00 0 
7b947dfc0000-7b947e200000 rw-p 00000000 00:00 0 
7b947e200000-7b947e204000 ---p 00000000 00:00 0 
7b947e204000-7b947e600000 rw-p 00000000 00:00 0 
7b947e600000-7b947e7c0000 rw-p 00000000 00:00 0 
7b947e7c0000-7b947e9c0000 rw-p 00000000 00:00 0 
7b947e9c0000-7b947ebc0000 rw-p 00000000 00:00 0 
7b947ebc0000-7b947edc0000 rw-p 00000000 00:00 0 
7b947edc0000-7b947efc0000 rw-p 00000000 00:00 0 
7b947efc0000-7b947f1c0000 rw-p 00000000 00:00 0 
7b947f1c0000-7b947f3c0000 rw-p 00000000 00:00 0 
7b947f3c0000-7b947f5c0000 rw-p 00000000 00:00 0 
7b947f5c0000-7b947f800000 rw-p 00000000 00:00 0 
7b947f800000-7b947f804000 ---p 00000000 00:00 0 
7b947f804000-7b947fc00000 rw-p 00000000 00:00 0 
7b947fc00000-7b947fc04000 ---p 00000000 00:00 0 
7b947fc04000-7b9480000000 rw-p 00000000 00:00 0 
7b9480000000-7b9480021000 rw-p 00000000 00:00 0 
7b9480021000-7b9484000000 ---p 00000000 00:00 0 
7b9484000000-7b9484021000 rw-p 00000000 00:00 0 
7b9484021000-7b9488000000 ---p 00000000 00:00 0 
7b9488200000-7b9488204000 ---p 00000000 00:00 0 
7b9488204000-7b9488600000 rw-p 00000000 00:00 0 
7b9488600000-7b9488605000 r-xp 00000000 103:03 7609776                   /opt/comsol60/multiphysics/java/glnxa64/jre/lib/libmanagement_ext.so
7b9488605000-7b9488805000 ---p 00005000 103:03 7609776                   /opt/comsol60/multiphysics/java/glnxa64/jre/lib/libmanagement_ext.so
7b9488805000-7b9488806000 r--p 00005000 103:03 7609776                   /opt/comsol60/multiphysics/java/glnxa64/jre/lib/libmanagement_ext.so
7b9488806000-7b9488807000 rw-p 00006000 103:03 7609776                   /opt/comsol60/multiphysics/java/glnxa64/jre/lib/libmanagement_ext.so
7b9488c00000-7b9488c04000 r-xp 00000000 103:03 7609777                   /opt/comsol60/multiphysics/java/glnxa64/jre/lib/libmanagement.so
7b9488c04000-7b9488e03000 ---p 00004000 103:03 7609777                   /opt/comsol60/multiphysics/java/glnxa64/jre/lib/libmanagement.so
7b9488e03000-7b9488e04000 r--p 00003000 103:03 7609777                   /opt/comsol60/multiphysics/java/glnxa64/jre/lib/libmanagement.so
7b9488e04000-7b9488e05000 rw-p 00004000 103:03 7609777                   /opt/comsol60/multiphysics/java/glnxa64/jre/lib/libmanagement.so
7b9489200000-7b94893c0000 rw-p 00000000 00:00 0 
7b94893c0000-7b94895c0000 rw-p 00000000 00:00 0 
7b94895c0000-7b9489800000 rw-p 00000000 00:00 0 
7b9489800000-7b9489801000 ---p 00000000 00:00 0 
7b9489801000-7b948a002000 rw-p 00000000 00:00 0 
7b948a200000-7b948a201000 ---p 00000000 00:00 0 
7b948a201000-7b948aa02000 rw-p 00000000 00:00 0 
7b948ac00000-7b948ac01000 ---p 00000000 00:00 0 
7b948ac01000-7b948b402000 rw-p 00000000 00:00 0 
7b948b600000-7b948b601000 ---p 00000000 00:00 0 
7b948b601000-7b948be02000 rw-p 00000000 00:00 0 
7b948c000000-7b948c021000 rw-p 00000000 00:00 0 
7b948c021000-7b9490000000 ---p 00000000 00:00 0 
7b9490000000-7b9490021000 rw-p 00000000 00:00 0 
7b9490021000-7b9494000000 ---p 00000000 00:00 0 
7b9494200000-7b9494400000 rw-p 00000000 00:00 0 
7b9494400000-7b9494401000 ---p 00000000 00:00 0 
7b9494401000-7b9494c02000 rw-p 00000000 00:00 0 
7b9494e00000-7b9494e01000 ---p 00000000 00:00 0 
7b9494e01000-7b9495602000 rw-p 00000000 00:00 0 
7b9495800000-7b9495801000 ---p 00000000 00:00 0 
7b9495801000-7b9496002000 rw-p 00000000 00:00 0 
7b9496200000-7b9496201000 ---p 00000000 00:00 0 
7b9496201000-7b9496a02000 rw-p 00000000 00:00 0 
7b9496c00000-7b9496c01000 ---p 00000000 00:00 0 
7b9496c01000-7b9497402000 rw-p 00000000 00:00 0 
7b9497600000-7b9497601000 ---p 00000000 00:00 0 
7b9497601000-7b9497e02000 rw-p 00000000 00:00 0 
7b9498000000-7b9498021000 rw-p 00000000 00:00 0 
7b9498021000-7b949c000000 ---p 00000000 00:00 0 
7b949c000000-7b949c021000 rw-p 00000000 00:00 0 
7b949c021000-7b94a0000000 ---p 00000000 00:00 0 
7b94a0200000-7b94a0400000 rw-p 00000000 00:00 0 
7b94a0400000-7b94a0401000 ---p 00000000 00:00 0 
7b94a0401000-7b94a0c02000 rw-p 00000000 00:00 0 
7b94a0e00000-7b94a0e01000 ---p 00000000 00:00 0 
7b94a0e01000-7b94a1602000 rw-p 00000000 00:00 0 
7b94a1800000-7b94a1801000 ---p 00000000 00:00 0 
7b94a1801000-7b94a2002000 rw-p 00000000 00:00 0 
7b94a2200000-7b94a2201000 ---p 00000000 00:00 0 
7b94a2201000-7b94a2a02000 rw-p 00000000 00:00 0 
7b94a2c00000-7b94a2c01000 ---p 00000000 00:00 0 
7b94a2c01000-7b94a3402000 rw-p 00000000 00:00 0 
7b94a3600000-7b94a3601000 ---p 00000000 00:00 0 
7b94a3601000-7b94a3e02000 rw-p 00000000 00:00 0 
7b94a4000000-7b94a4021000 rw-p 00000000 00:00 0 
7b94a4021000-7b94a8000000 ---p 00000000 00:00 0 
7b94a8000000-7b94a8021000 rw-p 00000000 00:00 0 
7b94a8021000-7b94ac000000 ---p 00000000 00:00 0 
7b94ac200000-7b94ac201000 ---p 00000000 00:00 0 
7b94ac201000-7b94aca02000 rw-p 00000000 00:00 0 
7b94acc00000-7b94acc01000 ---p 00000000 00:00 0 
7b94acc01000-7b94ad402000 rw-p 00000000 00:00 0 
7b94ad600000-7b94ad601000 ---p 00000000 00:00 0 
7b94ad601000-7b94ade02000 rw-p 00000000 00:00 0 
7b94ae000000-7b94ae1c0000 rw-p 00000000 00:00 0 
7b94ae1c0000-7b94ae3c0000 rw-p 00000000 00:00 0 
7b94ae3c0000-7b94ae5c0000 rw-p 00000000 00:00 0 
7b94ae5c0000-7b94ae7c0000 rw-p 00000000 00:00 0 
7b94ae7c0000-7b94ae9c0000 rw-p 00000000 00:00 0 
7b94ae9c0000-7b94aebc0000 rw-p 00000000 00:00 0 
7b94aebc0000-7b94aedc0000 rw-p 00000000 00:00 0 
7b94aedc0000-7b94aefc0000 rw-p 00000000 00:00 0 
7b94aefc0000-7b94af1f4000 rw-p 00000000 00:00 0 
7b94af1f4000-7b94af200000 ---p 00000000 00:00 0 
7b94af200000-7b94af204000 ---p 00000000 00:00 0 
7b94af204000-7b94af600000 rw-p 00000000 00:00 0 
7b94af600000-7b94af604000 ---p 00000000 00:00 0 
7b94af604000-7b94afa00000 rw-p 00000000 00:00 0 
7b94afa00000-7b94afa04000 ---p 00000000 00:00 0 
7b94afa04000-7b94afe00000 rw-p 00000000 00:00 0 
7b94afe00000-7b94b0000000 rw-p 00000000 00:00 0 
7b94b0000000-7b94b0021000 rw-p 00000000 00:00 0 
7b94b0021000-7b94b4000000 ---p 00000000 00:00 0 
7b94b4000000-7b94b4123000 rw-p 00000000 00:00 0 
7b94b4123000-7b94b8000000 ---p 00000000 00:00 0 
7b94b8200000-7b94b8204000 ---p 00000000 00:00 0 
7b94b8204000-7b94b8600000 rw-p 00000000 00:00 0 
7b94b8600000-7b94b87c0000 rw-p 00000000 00:00 0 
7b94b87c0000-7b94b89c0000 rw-p 00000000 00:00 0 
7b94b89c0000-7b94b8c00000 rw-p 00000000 00:00 0 
7b94b8c00000-7b94b9400000 rw-s 00000000 00:01 294964                     /SYSV00000000 (deleted)
7b94b9400000-7b94bb43a000 r-xp 00000000 103:03 11546290                  /usr/lib/x86_64-linux-gnu/libnvidia-glvkspirv.so.535.183.01
7b94bb43a000-7b94bb63a000 ---p 0203a000 103:03 11546290                  /usr/lib/x86_64-linux-gnu/libnvidia-glvkspirv.so.535.183.01
7b94bb63a000-7b94bbc56000 r--p 0203a000 103:03 11546290                  /usr/lib/x86_64-linux-gnu/libnvidia-glvkspirv.so.535.183.01
7b94bbc56000-7b94bbce5000 rw-p 02656000 103:03 11546290                  /usr/lib/x86_64-linux-gnu/libnvidia-glvkspirv.so.535.183.01
7b94bbce5000-7b94bbd38000 rw-p 00000000 00:00 0 
7b94bc000000-7b94bc3b8000 rw-p 00000000 00:00 0 
7b94bc3b8000-7b94c0000000 ---p 00000000 00:00 0 
7b94c0000000-7b94c008e000 rw-p 00000000 00:00 0 
7b94c008e000-7b94c4000000 ---p 00000000 00:00 0 
7b94c4200000-7b94c4209000 r-xp 00000000 103:03 117573445                 /home/frocha/.comsol/v60/configuration/comsol/org.eclipse.osgi/44/0/.cp/libswt-atk-gtk-4944r26.so
7b94c4209000-7b94c4408000 ---p 00009000 103:03 117573445                 /home/frocha/.comsol/v60/configuration/comsol/org.eclipse.osgi/44/0/.cp/libswt-atk-gtk-4944r26.so
7b94c4408000-7b94c4409000 r--p 00008000 103:03 117573445                 /home/frocha/.comsol/v60/configuration/comsol/org.eclipse.osgi/44/0/.cp/libswt-atk-gtk-4944r26.so
7b94c4409000-7b94c440a000 rw-p 00009000 103:03 117573445                 /home/frocha/.comsol/v60/configuration/comsol/org.eclipse.osgi/44/0/.cp/libswt-atk-gtk-4944r26.so
7b94c4800000-7b94c4ad8000 r-xp 00000000 103:03 11546288                  /usr/lib/x86_64-linux-gnu/libnvidia-glcore.so.535.183.01
7b94c4ad8000-7b94c4af9000 rwxp 002d8000 103:03 11546288                  /usr/lib/x86_64-linux-gnu/libnvidia-glcore.so.535.183.01
7b94c4af9000-7b94c7197000 r-xp 002f9000 103:03 11546288                  /usr/lib/x86_64-linux-gnu/libnvidia-glcore.so.535.183.01
7b94c7197000-7b94c7198000 ---p 02997000 103:03 11546288                  /usr/lib/x86_64-linux-gnu/libnvidia-glcore.so.535.183.01
7b94c7198000-7b94c736b000 r--p 02997000 103:03 11546288                  /usr/lib/x86_64-linux-gnu/libnvidia-glcore.so.535.183.01
7b94c736b000-7b94c73d4000 rw-p 02b6a000 103:03 11546288                  /usr/lib/x86_64-linux-gnu/libnvidia-glcore.so.535.183.01
7b94c73d4000-7b94c7411000 rw-p 00000000 00:00 0 
7b94c7600000-7b94c7601000 ---p 00000000 00:00 0 
7b94c7601000-7b94c7e01000 rw-p 00000000 00:00 0 
7b94c8000000-7b94c8021000 rw-p 00000000 00:00 0 
7b94c8021000-7b94cc000000 ---p 00000000 00:00 0 
7b94cc000000-7b94cc021000 rw-p 00000000 00:00 0 
7b94cc021000-7b94d0000000 ---p 00000000 00:00 0 
7b94d0200000-7b94d0400000 rw-p 00000000 00:00 0 
7b94d0400000-7b94d0475000 r-xp 00000000 103:03 11546289                  /usr/lib/x86_64-linux-gnu/libnvidia-glsi.so.535.183.01
7b94d0475000-7b94d0675000 ---p 00075000 103:03 11546289                  /usr/lib/x86_64-linux-gnu/libnvidia-glsi.so.535.183.01
7b94d0675000-7b94d069f000 r--p 00075000 103:03 11546289                  /usr/lib/x86_64-linux-gnu/libnvidia-glsi.so.535.183.01
7b94d069f000-7b94d06a0000 rw-p 0009f000 103:03 11546289                  /usr/lib/x86_64-linux-gnu/libnvidia-glsi.so.535.183.01
7b94d06a0000-7b94d06a8000 rw-p 00000000 00:00 0 
7b94d0a00000-7b94d0a01000 ---p 00000000 00:00 0 
7b94d0a01000-7b94d1201000 rw-p 00000000 00:00 0 
7b94d1400000-7b94d3823000 r-xp 00000000 103:03 7610026                   /opt/comsol60/multiphysics/lib/glnxa64/libosmesa.so.8.0.0
7b94d3823000-7b94d3a22000 ---p 02423000 103:03 7610026                   /opt/comsol60/multiphysics/lib/glnxa64/libosmesa.so.8.0.0
7b94d3a22000-7b94d3bc9000 r--p 02422000 103:03 7610026                   /opt/comsol60/multiphysics/lib/glnxa64/libosmesa.so.8.0.0
7b94d3bc9000-7b94d3c4a000 rw-p 025c9000 103:03 7610026                   /opt/comsol60/multiphysics/lib/glnxa64/libosmesa.so.8.0.0
7b94d3c4a000-7b94d3d2f000 rw-p 00000000 00:00 0 
7b94d4000000-7b94d4021000 rw-p 00000000 00:00 0 
7b94d4021000-7b94d8000000 ---p 00000000 00:00 0 
7b94d8000000-7b94d8021000 rw-p 00000000 00:00 0 
7b94d8021000-7b94dc000000 ---p 00000000 00:00 0 
7b94dc200000-7b94dc400000 rw-p 00000000 00:00 0 
7b94dc400000-7b94dc403000 r-xp 00000000 103:03 7609956                   /opt/comsol60/multiphysics/lib/glnxa64/libcs3d_swt_gtk3.so
7b94dc403000-7b94dc602000 ---p 00003000 103:03 7609956                   /opt/comsol60/multiphysics/lib/glnxa64/libcs3d_swt_gtk3.so
7b94dc602000-7b94dc603000 r--p 00002000 103:03 7609956                   /opt/comsol60/multiphysics/lib/glnxa64/libcs3d_swt_gtk3.so
7b94dc603000-7b94dc604000 rw-p 00003000 103:03 7609956                   /opt/comsol60/multiphysics/lib/glnxa64/libcs3d_swt_gtk3.so
7b94dca00000-7b94dca01000 r-xp 00000000 103:03 7609957                   /opt/comsol60/multiphysics/lib/glnxa64/libcs3d_util.so
7b94dca01000-7b94dcc00000 ---p 00001000 103:03 7609957                   /opt/comsol60/multiphysics/lib/glnxa64/libcs3d_util.so
7b94dcc00000-7b94dcc01000 r--p 00000000 103:03 7609957                   /opt/comsol60/multiphysics/lib/glnxa64/libcs3d_util.so
7b94dcc01000-7b94dcc02000 rw-p 00001000 103:03 7609957                   /opt/comsol60/multiphysics/lib/glnxa64/libcs3d_util.so
7b94dd000000-7b94dd015000 r-xp 00000000 103:03 7609954                   /opt/comsol60/multiphysics/lib/glnxa64/libcs3d_ogl.so
7b94dd015000-7b94dd214000 ---p 00015000 103:03 7609954                   /opt/comsol60/multiphysics/lib/glnxa64/libcs3d_ogl.so
7b94dd214000-7b94dd215000 r--p 00014000 103:03 7609954                   /opt/comsol60/multiphysics/lib/glnxa64/libcs3d_ogl.so
7b94dd215000-7b94dd216000 rw-p 00015000 103:03 7609954                   /opt/comsol60/multiphysics/lib/glnxa64/libcs3d_ogl.so
7b94dd600000-7b94ddf40000 r-xp 00000000 103:03 7609977                   /opt/comsol60/multiphysics/lib/glnxa64/libcsgraphics_ogl.so
7b94ddf40000-7b94de140000 ---p 00940000 103:03 7609977                   /opt/comsol60/multiphysics/lib/glnxa64/libcsgraphics_ogl.so
7b94de140000-7b94de15e000 r--p 00940000 103:03 7609977                   /opt/comsol60/multiphysics/lib/glnxa64/libcsgraphics_ogl.so
7b94de15e000-7b94de17e000 rw-p 0095e000 103:03 7609977                   /opt/comsol60/multiphysics/lib/glnxa64/libcsgraphics_ogl.so
7b94de17e000-7b94de189000 rw-p 00000000 00:00 0 
7b94de400000-7b94de404000 ---p 00000000 00:00 0 
7b94de404000-7b94de800000 rw-p 00000000 00:00 0 
7b94de800000-7b94de804000 ---p 00000000 00:00 0 
7b94de804000-7b94dec00000 rw-p 00000000 00:00 0 
7b94dec00000-7b94dec01000 ---p 00000000 00:00 0 
7b94dec01000-7b94dec05000 ---p 00000000 00:00 0 
7b94dec05000-7b94df401000 rw-p 00000000 00:00 0 
7b94df600000-7b94df601000 ---p 00000000 00:00 0 
7b94df601000-7b94df605000 ---p 00000000 00:00 0 
7b94df605000-7b94dfe01000 rw-p 00000000 00:00 0 
7b94e0000000-7b94e0021000 rw-p 00000000 00:00 0 
7b94e0021000-7b94e4000000 ---p 00000000 00:00 0 
7b94e4000000-7b94e4021000 rw-p 00000000 00:00 0 
7b94e4021000-7b94e8000000 ---p 00000000 00:00 0 
7b94e8200000-7b94e8201000 ---p 00000000 00:00 0 
7b94e8201000-7b94e8a01000 rw-p 00000000 00:00 0 
7b94e8c00000-7b94e8c09000 r-xp 00000000 103:03 117573444                 /home/frocha/.comsol/v60/configuration/comsol/org.eclipse.osgi/44/0/.cp/libswt-cairo-gtk-4944r26.so
7b94e8c09000-7b94e8e08000 ---p 00009000 103:03 117573444                 /home/frocha/.comsol/v60/configuration/comsol/org.eclipse.osgi/44/0/.cp/libswt-cairo-gtk-4944r26.so
7b94e8e08000-7b94e8e09000 r--p 00008000 103:03 117573444                 /home/frocha/.comsol/v60/configuration/comsol/org.eclipse.osgi/44/0/.cp/libswt-cairo-gtk-4944r26.so
7b94e8e09000-7b94e8e0a000 rw-p 00009000 103:03 117573444                 /home/frocha/.comsol/v60/configuration/comsol/org.eclipse.osgi/44/0/.cp/libswt-cairo-gtk-4944r26.so
7b94e9200000-7b94e926e000 r-xp 00000000 103:03 117573443                 /home/frocha/.comsol/v60/configuration/comsol/org.eclipse.osgi/44/0/.cp/libswt-pi3-gtk-4944r26.so
7b94e926e000-7b94e946d000 ---p 0006e000 103:03 117573443                 /home/frocha/.comsol/v60/configuration/comsol/org.eclipse.osgi/44/0/.cp/libswt-pi3-gtk-4944r26.so
7b94e946d000-7b94e946e000 r--p 0006d000 103:03 117573443                 /home/frocha/.comsol/v60/configuration/comsol/org.eclipse.osgi/44/0/.cp/libswt-pi3-gtk-4944r26.so
7b94e946e000-7b94e9471000 rw-p 0006e000 103:03 117573443                 /home/frocha/.comsol/v60/configuration/comsol/org.eclipse.osgi/44/0/.cp/libswt-pi3-gtk-4944r26.so
7b94e9471000-7b94e9472000 rw-p 00000000 00:00 0 
7b94e9800000-7b94e988b000 r-xp 00000000 103:03 117573442                 /home/frocha/.comsol/v60/configuration/comsol/org.eclipse.osgi/44/0/.cp/libswt-gtk-4944r26.so
7b94e988b000-7b94e9a8a000 ---p 0008b000 103:03 117573442                 /home/frocha/.comsol/v60/configuration/comsol/org.eclipse.osgi/44/0/.cp/libswt-gtk-4944r26.so
7b94e9a8a000-7b94e9a8b000 r--p 0008a000 103:03 117573442                 /home/frocha/.comsol/v60/configuration/comsol/org.eclipse.osgi/44/0/.cp/libswt-gtk-4944r26.so
7b94e9a8b000-7b94e9a93000 rw-p 0008b000 103:03 117573442                 /home/frocha/.comsol/v60/configuration/comsol/org.eclipse.osgi/44/0/.cp/libswt-gtk-4944r26.so
7b94e9a93000-7b94e9a97000 rw-p 00000000 00:00 0 
7b94e9e00000-7b94e9f18000 r-xp 00000000 103:03 7610010                   /opt/comsol60/multiphysics/lib/glnxa64/libcstextrenderer.so
7b94e9f18000-7b94ea117000 ---p 00118000 103:03 7610010                   /opt/comsol60/multiphysics/lib/glnxa64/libcstextrenderer.so
7b94ea117000-7b94ea11b000 r--p 00117000 103:03 7610010                   /opt/comsol60/multiphysics/lib/glnxa64/libcstextrenderer.so
7b94ea11b000-7b94ea122000 rw-p 0011b000 103:03 7610010                   /opt/comsol60/multiphysics/lib/glnxa64/libcstextrenderer.so
7b94ea122000-7b94ea123000 rw-p 00000000 00:00 0 
7b94ea400000-7b94ea40c000 r-xp 00000000 103:03 7609986                   /opt/comsol60/multiphysics/lib/glnxa64/libcsjnitextrenderer.so
7b94ea40c000-7b94ea60b000 ---p 0000c000 103:03 7609986                   /opt/comsol60/multiphysics/lib/glnxa64/libcsjnitextrenderer.so
7b94ea60b000-7b94ea60c000 r--p 0000b000 103:03 7609986                   /opt/comsol60/multiphysics/lib/glnxa64/libcsjnitextrenderer.so
7b94ea60c000-7b94ea60d000 rw-p 0000c000 103:03 7609986                   /opt/comsol60/multiphysics/lib/glnxa64/libcsjnitextrenderer.so
7b94eaa00000-7b94eab0b000 r-xp 00000000 103:03 7605460                   /opt/comsol60/multiphysics/lib/glnxa64/libcsnutil.so
7b94eab0b000-7b94ead0a000 ---p 0010b000 103:03 7605460                   /opt/comsol60/multiphysics/lib/glnxa64/libcsnutil.so
7b94ead0a000-7b94ead0e000 r--p 0010a000 103:03 7605460                   /opt/comsol60/multiphysics/lib/glnxa64/libcsnutil.so
7b94ead0e000-7b94ead17000 rw-p 0010e000 103:03 7605460                   /opt/comsol60/multiphysics/lib/glnxa64/libcsnutil.so
7b94ead17000-7b94eadbd000 rw-p 00000000 00:00 0 
7b94eb000000-7b94eb0ee000 r-xp 00000000 103:03 7609971                   /opt/comsol60/multiphysics/lib/glnxa64/libcsdrawedit.so
7b94eb0ee000-7b94eb2ed000 ---p 000ee000 103:03 7609971                   /opt/comsol60/multiphysics/lib/glnxa64/libcsdrawedit.so
7b94eb2ed000-7b94eb2f1000 r--p 000ed000 103:03 7609971                   /opt/comsol60/multiphysics/lib/glnxa64/libcsdrawedit.so
7b94eb2f1000-7b94eb2f4000 rw-p 000f1000 103:03 7609971                   /opt/comsol60/multiphysics/lib/glnxa64/libcsdrawedit.so
7b94eb2f4000-7b94eb2f6000 rw-p 00000000 00:00 0 
7b94eb600000-7b94ebb27000 r-xp 00000000 103:03 7609978                   /opt/comsol60/multiphysics/lib/glnxa64/libcsgraphics_scene_common.so
7b94ebb27000-7b94ebd27000 ---p 00527000 103:03 7609978                   /opt/comsol60/multiphysics/lib/glnxa64/libcsgraphics_scene_common.so
7b94ebd27000-7b94ebd43000 r--p 00527000 103:03 7609978                   /opt/comsol60/multiphysics/lib/glnxa64/libcsgraphics_scene_common.so
7b94ebd43000-7b94ebd60000 rw-p 00543000 103:03 7609978                   /opt/comsol60/multiphysics/lib/glnxa64/libcsgraphics_scene_common.so
7b94ebd60000-7b94ebd65000 rw-p 00000000 00:00 0 
7b94ec000000-7b94ec021000 rw-p 00000000 00:00 0 
7b94ec021000-7b94f0000000 ---p 00000000 00:00 0 
7b94f0000000-7b94f0021000 rw-p 00000000 00:00 0 
7b94f0021000-7b94f4000000 ---p 00000000 00:00 0 
7b94f4200000-7b94f4400000 rw-p 00000000 00:00 0 
7b94f4400000-7b94f45fa000 r-xp 00000000 103:03 7609976                   /opt/comsol60/multiphysics/lib/glnxa64/libcsgraphics_common.so
7b94f45fa000-7b94f47f9000 ---p 001fa000 103:03 7609976                   /opt/comsol60/multiphysics/lib/glnxa64/libcsgraphics_common.so
7b94f47f9000-7b94f47fb000 r--p 001f9000 103:03 7609976                   /opt/comsol60/multiphysics/lib/glnxa64/libcsgraphics_common.so
7b94f47fb000-7b94f47fe000 rw-p 001fb000 103:03 7609976                   /opt/comsol60/multiphysics/lib/glnxa64/libcsgraphics_common.so
7b94f47fe000-7b94f47ff000 rw-p 00000000 00:00 0 
7b94f4a00000-7b94f4b51000 r-xp 00000000 103:03 7610013                   /opt/comsol60/multiphysics/ext/graphicsmagick/glnxa64/libGraphicsMagick.so.3.10.0
7b94f4b51000-7b94f4d50000 ---p 00151000 103:03 7610013                   /opt/comsol60/multiphysics/ext/graphicsmagick/glnxa64/libGraphicsMagick.so.3.10.0
7b94f4d50000-7b94f4d58000 r--p 00150000 103:03 7610013                   /opt/comsol60/multiphysics/ext/graphicsmagick/glnxa64/libGraphicsMagick.so.3.10.0
7b94f4d58000-7b94f4d5d000 rw-p 00158000 103:03 7610013                   /opt/comsol60/multiphysics/ext/graphicsmagick/glnxa64/libGraphicsMagick.so.3.10.0
7b94f4d5d000-7b94f4d5e000 rw-p 00000000 00:00 0 
7b94f5000000-7b94f5030000 r-xp 00000000 103:03 7605389                   /opt/comsol60/multiphysics/lib/glnxa64/libtbbmalloc.so.2
7b94f5030000-7b94f5230000 ---p 00030000 103:03 7605389                   /opt/comsol60/multiphysics/lib/glnxa64/libtbbmalloc.so.2
7b94f5230000-7b94f5231000 r--p 00030000 103:03 7605389                   /opt/comsol60/multiphysics/lib/glnxa64/libtbbmalloc.so.2
7b94f5231000-7b94f5234000 rw-p 00031000 103:03 7605389                   /opt/comsol60/multiphysics/lib/glnxa64/libtbbmalloc.so.2
7b94f5234000-7b94f5257000 rw-p 00000000 00:00 0 
7b94f5600000-7b94f5674000 r-xp 00000000 103:03 7605381                   /opt/comsol60/multiphysics/lib/glnxa64/libintlc.so.5
7b94f5674000-7b94f5874000 ---p 00074000 103:03 7605381                   /opt/comsol60/multiphysics/lib/glnxa64/libintlc.so.5
7b94f5874000-7b94f5875000 r--p 00074000 103:03 7605381                   /opt/comsol60/multiphysics/lib/glnxa64/libintlc.so.5
7b94f5875000-7b94f5876000 rw-p 00075000 103:03 7605381                   /opt/comsol60/multiphysics/lib/glnxa64/libintlc.so.5
7b94f5876000-7b94f5878000 rw-p 00000000 00:00 0 
7b94f5c00000-7b94f5d57000 r-xp 00000000 103:03 7605384                   /opt/comsol60/multiphysics/lib/glnxa64/libirng.so
7b94f5d57000-7b94f5f57000 ---p 00157000 103:03 7605384                   /opt/comsol60/multiphysics/lib/glnxa64/libirng.so
7b94f5f57000-7b94f5f58000 r--p 00157000 103:03 7605384                   /opt/comsol60/multiphysics/lib/glnxa64/libirng.so
7b94f5f58000-7b94f5f6b000 rw-p 00158000 103:03 7605384                   /opt/comsol60/multiphysics/lib/glnxa64/libirng.so
7b94f6200000-7b94f7a4c000 r-xp 00000000 103:03 7605388                   /opt/comsol60/multiphysics/lib/glnxa64/libsvml.so
7b94f7a4c000-7b94f7c4b000 ---p 0184c000 103:03 7605388                   /opt/comsol60/multiphysics/lib/glnxa64/libsvml.so
7b94f7c4b000-7b94f7c9c000 r--p 0184b000 103:03 7605388                   /opt/comsol60/multiphysics/lib/glnxa64/libsvml.so
7b94f7c9c000-7b94f7cd0000 rw-p 0189c000 103:03 7605388                   /opt/comsol60/multiphysics/lib/glnxa64/libsvml.so
7b94f8000000-7b94f8021000 rw-p 00000000 00:00 0 
7b94f8021000-7b94fc000000 ---p 00000000 00:00 0 
7b94fc000000-7b94fc07a000 rw-p 00000000 00:00 0 
7b94fc07a000-7b9500000000 ---p 00000000 00:00 0 
7b9500200000-7b95003c0000 rw-p 00000000 00:00 0 
7b95003c0000-7b9500600000 rw-p 00000000 00:00 0 
7b9500600000-7b9500a09000 r-xp 00000000 103:03 7605380                   /opt/comsol60/multiphysics/lib/glnxa64/libimf.so
7b9500a09000-7b9500c09000 ---p 00409000 103:03 7605380                   /opt/comsol60/multiphysics/lib/glnxa64/libimf.so
7b9500c09000-7b9500c0f000 r--p 00409000 103:03 7605380                   /opt/comsol60/multiphysics/lib/glnxa64/libimf.so
7b9500c0f000-7b9500c83000 rw-p 0040f000 103:03 7605380                   /opt/comsol60/multiphysics/lib/glnxa64/libimf.so
7b9501000000-7b9501033000 r-xp 00000000 103:03 5905125                   /opt/MATLAB/R2023a/bin/glnxa64/libtbbmalloc.so.2
7b9501033000-7b9501233000 ---p 00033000 103:03 5905125                   /opt/MATLAB/R2023a/bin/glnxa64/libtbbmalloc.so.2
7b9501233000-7b9501234000 r--p 00033000 103:03 5905125                   /opt/MATLAB/R2023a/bin/glnxa64/libtbbmalloc.so.2
7b9501234000-7b9501237000 rw-p 00034000 103:03 5905125                   /opt/MATLAB/R2023a/bin/glnxa64/libtbbmalloc.so.2
7b9501237000-7b9501258000 rw-p 00000000 00:00 0 
7b9501600000-7b9501611000 r-xp 00000000 103:03 7609992                   /opt/comsol60/multiphysics/lib/glnxa64/libcsmpi.so
7b9501611000-7b9501811000 ---p 00011000 103:03 7609992                   /opt/comsol60/multiphysics/lib/glnxa64/libcsmpi.so
7b9501811000-7b9501812000 r--p 00011000 103:03 7609992                   /opt/comsol60/multiphysics/lib/glnxa64/libcsmpi.so
7b9501812000-7b9501813000 rw-p 00012000 103:03 7609992                   /opt/comsol60/multiphysics/lib/glnxa64/libcsmpi.so
7b9501c00000-7b9501c29000 r-xp 00000000 103:03 7610018                   /opt/comsol60/multiphysics/lib/glnxa64/libifport.so.5
7b9501c29000-7b9501e28000 ---p 00029000 103:03 7610018                   /opt/comsol60/multiphysics/lib/glnxa64/libifport.so.5
7b9501e28000-7b9501e29000 r--p 00028000 103:03 7610018                   /opt/comsol60/multiphysics/lib/glnxa64/libifport.so.5
7b9501e29000-7b9501e2b000 rw-p 00029000 103:03 7610018                   /opt/comsol60/multiphysics/lib/glnxa64/libifport.so.5
7b9501e2b000-7b9501e2e000 rw-p 00000000 00:00 0 
7b9502200000-7b9502228000 r-xp 00000000 103:03 7609962                   /opt/comsol60/multiphysics/lib/glnxa64/libcsblas.so
7b9502228000-7b9502427000 ---p 00028000 103:03 7609962                   /opt/comsol60/multiphysics/lib/glnxa64/libcsblas.so
7b9502427000-7b9502428000 r--p 00027000 103:03 7609962                   /opt/comsol60/multiphysics/lib/glnxa64/libcsblas.so
7b9502428000-7b9502429000 rw-p 00028000 103:03 7609962                   /opt/comsol60/multiphysics/lib/glnxa64/libcsblas.so
7b9502800000-7b950281b000 r-xp 00000000 103:03 7610005                   /opt/comsol60/multiphysics/lib/glnxa64/libcsspecfun.so
7b950281b000-7b9502a1a000 ---p 0001b000 103:03 7610005                   /opt/comsol60/multiphysics/lib/glnxa64/libcsspecfun.so
7b9502a1a000-7b9502a1b000 r--p 0001a000 103:03 7610005                   /opt/comsol60/multiphysics/lib/glnxa64/libcsspecfun.so
7b9502a1b000-7b9502a1e000 rw-p 0001b000 103:03 7610005                   /opt/comsol60/multiphysics/lib/glnxa64/libcsspecfun.so
7b9502e00000-7b9502e06000 r-xp 00000000 103:03 7609969                   /opt/comsol60/multiphysics/lib/glnxa64/libcscutil.so
7b9502e06000-7b9503005000 ---p 00006000 103:03 7609969                   /opt/comsol60/multiphysics/lib/glnxa64/libcscutil.so
7b9503005000-7b9503006000 r--p 00005000 103:03 7609969                   /opt/comsol60/multiphysics/lib/glnxa64/libcscutil.so
7b9503006000-7b9503008000 rw-p 00006000 103:03 7609969                   /opt/comsol60/multiphysics/lib/glnxa64/libcscutil.so
7b9503008000-7b950306d000 rw-p 00000000 00:00 0 
7b9503400000-7b9503434000 r-xp 00000000 103:03 7610009                   /opt/comsol60/multiphysics/lib/glnxa64/libcssundials.so
7b9503434000-7b9503633000 ---p 00034000 103:03 7610009                   /opt/comsol60/multiphysics/lib/glnxa64/libcssundials.so
7b9503633000-7b9503634000 r--p 00033000 103:03 7610009                   /opt/comsol60/multiphysics/lib/glnxa64/libcssundials.so
7b9503634000-7b9503635000 rw-p 00034000 103:03 7610009                   /opt/comsol60/multiphysics/lib/glnxa64/libcssundials.so
7b9503a00000-7b9503b4e000 r-xp 00000000 103:03 7610008                   /opt/comsol60/multiphysics/lib/glnxa64/libcsspooles.so
7b9503b4e000-7b9503d4d000 ---p 0014e000 103:03 7610008                   /opt/comsol60/multiphysics/lib/glnxa64/libcsspooles.so
7b9503d4d000-7b9503d4e000 r--p 0014d000 103:03 7610008                   /opt/comsol60/multiphysics/lib/glnxa64/libcsspooles.so
7b9503d4e000-7b9503d51000 rw-p 0014e000 103:03 7610008                   /opt/comsol60/multiphysics/lib/glnxa64/libcsspooles.so
7b9504000000-7b95042f9000 rw-p 00000000 00:00 0 
7b95042f9000-7b9508000000 ---p 00000000 00:00 0 
7b9508000000-7b95083c0000 rw-p 00000000 00:00 0 
7b95083c0000-7b950c000000 ---p 00000000 00:00 0 
7b950c200000-7b950c227000 r-xp 00000000 103:03 7609959                   /opt/comsol60/multiphysics/lib/glnxa64/libcsarpack.so
7b950c227000-7b950c426000 ---p 00027000 103:03 7609959                   /opt/comsol60/multiphysics/lib/glnxa64/libcsarpack.so
7b950c426000-7b950c427000 r--p 00026000 103:03 7609959                   /opt/comsol60/multiphysics/lib/glnxa64/libcsarpack.so
7b950c427000-7b950c42b000 rw-p 00027000 103:03 7609959                   /opt/comsol60/multiphysics/lib/glnxa64/libcsarpack.so
7b950c800000-7b950c806000 r-xp 00000000 103:03 7610002                   /opt/comsol60/multiphysics/lib/glnxa64/libcsscalapack.so
7b950c806000-7b950ca06000 ---p 00006000 103:03 7610002                   /opt/comsol60/multiphysics/lib/glnxa64/libcsscalapack.so
7b950ca06000-7b950ca07000 r--p 00006000 103:03 7610002                   /opt/comsol60/multiphysics/lib/glnxa64/libcsscalapack.so
7b950ca07000-7b950ca08000 rw-p 00007000 103:03 7610002                   /opt/comsol60/multiphysics/lib/glnxa64/libcsscalapack.so
7b950ce00000-7b950d0a1000 r-xp 00000000 103:03 7605376                   /opt/comsol60/multiphysics/lib/glnxa64/libcsutil.so
7b950d0a1000-7b950d2a1000 ---p 002a1000 103:03 7605376                   /opt/comsol60/multiphysics/lib/glnxa64/libcsutil.so
7b950d2a1000-7b950d2a6000 r--p 002a1000 103:03 7605376                   /opt/comsol60/multiphysics/lib/glnxa64/libcsutil.so
7b950d2a6000-7b950d2ae000 rw-p 002a6000 103:03 7605376                   /opt/comsol60/multiphysics/lib/glnxa64/libcsutil.so
7b950d2ae000-7b950d2b1000 rw-p 00000000 00:00 0 
7b950d600000-7b950d628000 r-xp 00000000 103:03 7609966                   /opt/comsol60/multiphysics/lib/glnxa64/libcscluster.so
7b950d628000-7b950d827000 ---p 00028000 103:03 7609966                   /opt/comsol60/multiphysics/lib/glnxa64/libcscluster.so
7b950d827000-7b950d828000 r--p 00027000 103:03 7609966                   /opt/comsol60/multiphysics/lib/glnxa64/libcscluster.so
7b950d828000-7b950d829000 rw-p 00028000 103:03 7609966                   /opt/comsol60/multiphysics/lib/glnxa64/libcscluster.so
7b950dc00000-7b950e7d0000 r-xp 00000000 103:03 7609960                   /opt/comsol60/multiphysics/lib/glnxa64/libcsarray.so
7b950e7d0000-7b950e9d0000 ---p 00bd0000 103:03 7609960                   /opt/comsol60/multiphysics/lib/glnxa64/libcsarray.so
7b950e9d0000-7b950e9e8000 r--p 00bd0000 103:03 7609960                   /opt/comsol60/multiphysics/lib/glnxa64/libcsarray.so
7b950e9e8000-7b950ea42000 rw-p 00be8000 103:03 7609960                   /opt/comsol60/multiphysics/lib/glnxa64/libcsarray.so
7b950ea42000-7b950ea47000 rw-p 00000000 00:00 0 
7b950ee00000-7b950ef48000 r-xp 00000000 103:03 7609965                   /opt/comsol60/multiphysics/lib/glnxa64/libcsclusterarray.so
7b950ef48000-7b950f147000 ---p 00148000 103:03 7609965                   /opt/comsol60/multiphysics/lib/glnxa64/libcsclusterarray.so
7b950f147000-7b950f149000 r--p 00147000 103:03 7609965                   /opt/comsol60/multiphysics/lib/glnxa64/libcsclusterarray.so
7b950f149000-7b950f156000 rw-p 00149000 103:03 7609965                   /opt/comsol60/multiphysics/lib/glnxa64/libcsclusterarray.so
7b950f400000-7b950fad8000 r-xp 00000000 103:03 7609975                   /opt/comsol60/multiphysics/lib/glnxa64/libcsgeom.so
7b950fad8000-7b950fcd8000 ---p 006d8000 103:03 7609975                   /opt/comsol60/multiphysics/lib/glnxa64/libcsgeom.so
7b950fcd8000-7b950fce3000 r--p 006d8000 103:03 7609975                   /opt/comsol60/multiphysics/lib/glnxa64/libcsgeom.so
7b950fce3000-7b950fcf1000 rw-p 006e3000 103:03 7609975                   /opt/comsol60/multiphysics/lib/glnxa64/libcsgeom.so
7b950fcf1000-7b950fcf2000 rw-p 00000000 00:00 0 
7b9510000000-7b9510380000 rw-p 00000000 00:00 0 
7b9510380000-7b9514000000 ---p 00000000 00:00 0 
7b9514000000-7b95156a7000 rw-p 00000000 00:00 0 
7b95156a7000-7b9518000000 ---p 00000000 00:00 0 
7b9518200000-7b9518204000 ---p 00000000 00:00 0 
7b9518204000-7b9518600000 rw-p 00000000 00:00 0 
7b9518600000-7b9518684000 r-xp 00000000 103:03 7609970                   /opt/comsol60/multiphysics/lib/glnxa64/libcsdatacarrier.so
7b9518684000-7b9518884000 ---p 00084000 103:03 7609970                   /opt/comsol60/multiphysics/lib/glnxa64/libcsdatacarrier.so
7b9518884000-7b9518886000 r--p 00084000 103:03 7609970                   /opt/comsol60/multiphysics/lib/glnxa64/libcsdatacarrier.so
7b9518886000-7b9518888000 rw-p 00086000 103:03 7609970                   /opt/comsol60/multiphysics/lib/glnxa64/libcsdatacarrier.so
7b9518888000-7b9518889000 rw-p 00000000 00:00 0 
7b9518c00000-7b9518c6a000 r-xp 00000000 103:03 7609995                   /opt/comsol60/multiphysics/lib/glnxa64/libcsonline.so
7b9518c6a000-7b9518e69000 ---p 0006a000 103:03 7609995                   /opt/comsol60/multiphysics/lib/glnxa64/libcsonline.so
7b9518e69000-7b9518e6a000 r--p 00069000 103:03 7609995                   /opt/comsol60/multiphysics/lib/glnxa64/libcsonline.so
7b9518e6a000-7b9518e6c000 rw-p 0006a000 103:03 7609995                   /opt/comsol60/multiphysics/lib/glnxa64/libcsonline.so
7b9519200000-7b951b9f2000 r-xp 00000000 103:03 7610012                   /opt/comsol60/multiphysics/lib/glnxa64/libcsxmesh.so
7b951b9f2000-7b951bbf2000 ---p 027f2000 103:03 7610012                   /opt/comsol60/multiphysics/lib/glnxa64/libcsxmesh.so
7b951bbf2000-7b951bc3c000 r--p 027f2000 103:03 7610012                   /opt/comsol60/multiphysics/lib/glnxa64/libcsxmesh.so
7b951bc3c000-7b951bcb7000 rw-p 0283c000 103:03 7610012                   /opt/comsol60/multiphysics/lib/glnxa64/libcsxmesh.so
7b951bcb7000-7b951bcbb000 rw-p 00000000 00:00 0 
7b951c000000-7b951c021000 rw-p 00000000 00:00 0 
7b951c021000-7b9520000000 ---p 00000000 00:00 0 
7b9520000000-7b9520021000 rw-p 00000000 00:00 0 
7b9520021000-7b9524000000 ---p 00000000 00:00 0 
7b9524027000-7b9524200000 rw-s 00000000 00:05 1048                       /dev/nvidiactl
7b9524200000-7b95243c0000 rw-p 00000000 00:00 0 
7b95243c0000-7b9524600000 rw-p 00000000 00:00 0 
7b9524600000-7b9524c02000 r-xp 00000000 103:03 7609967                   /opt/comsol60/multiphysics/lib/glnxa64/libcscomsolgeom.so
7b9524c02000-7b9524e02000 ---p 00602000 103:03 7609967                   /opt/comsol60/multiphysics/lib/glnxa64/libcscomsolgeom.so
7b9524e02000-7b9524e0f000 r--p 00602000 103:03 7609967                   /opt/comsol60/multiphysics/lib/glnxa64/libcscomsolgeom.so
7b9524e0f000-7b9524e17000 rw-p 0060f000 103:03 7609967                   /opt/comsol60/multiphysics/lib/glnxa64/libcscomsolgeom.so
7b9524e17000-7b9524e19000 rw-p 00000000 00:00 0 
7b9524e27000-7b9525000000 rw-s 00000000 00:05 1048                       /dev/nvidiactl
7b9525000000-7b9525200000 rw-s 00000000 00:05 1048                       /dev/nvidiactl
7b9525200000-7b9526266000 r-xp 00000000 103:03 7609987                   /opt/comsol60/multiphysics/lib/glnxa64/libcsmesh.so
7b9526266000-7b9526466000 ---p 01066000 103:03 7609987                   /opt/comsol60/multiphysics/lib/glnxa64/libcsmesh.so
7b9526466000-7b9526475000 r--p 01066000 103:03 7609987                   /opt/comsol60/multiphysics/lib/glnxa64/libcsmesh.so
7b9526475000-7b95264a3000 rw-p 01075000 103:03 7609987                   /opt/comsol60/multiphysics/lib/glnxa64/libcsmesh.so
7b95264a3000-7b95264a6000 rw-p 00000000 00:00 0 
7b9526600000-7b9526800000 rw-s 00000000 00:05 1048                       /dev/nvidiactl
7b9526800000-7b9527501000 r-xp 00000000 103:03 7610004                   /opt/comsol60/multiphysics/lib/glnxa64/libcssolver.so
7b9527501000-7b9527700000 ---p 00d01000 103:03 7610004                   /opt/comsol60/multiphysics/lib/glnxa64/libcssolver.so
7b9527700000-7b9527742000 r--p 00d00000 103:03 7610004                   /opt/comsol60/multiphysics/lib/glnxa64/libcssolver.so
7b9527742000-7b9527791000 rw-p 00d42000 103:03 7610004                   /opt/comsol60/multiphysics/lib/glnxa64/libcssolver.so
7b9527791000-7b9527797000 rw-p 00000000 00:00 0 
7b95278c2000-7b95278d1000 r--p 00000000 103:03 11553638                  /usr/lib/x86_64-linux-gnu/libgcrypt.so.20.3.4
7b95278d1000-7b95279b7000 r-xp 0000f000 103:03 11553638                  /usr/lib/x86_64-linux-gnu/libgcrypt.so.20.3.4
7b95279b7000-7b95279f5000 r--p 000f5000 103:03 11553638                  /usr/lib/x86_64-linux-gnu/libgcrypt.so.20.3.4
7b95279f5000-7b95279f6000 ---p 00133000 103:03 11553638                  /usr/lib/x86_64-linux-gnu/libgcrypt.so.20.3.4
7b95279f6000-7b95279f9000 r--p 00133000 103:03 11553638                  /usr/lib/x86_64-linux-gnu/libgcrypt.so.20.3.4
7b95279f9000-7b95279ff000 rw-p 00136000 103:03 11553638                  /usr/lib/x86_64-linux-gnu/libgcrypt.so.20.3.4
7b95279ff000-7b9527a00000 rw-p 00000000 00:00 0 
7b9527a00000-7b9527aa6000 r-xp 00000000 103:03 7609997                   /opt/comsol60/multiphysics/lib/glnxa64/libcspost.so
7b9527aa6000-7b9527ca5000 ---p 000a6000 103:03 7609997                   /opt/comsol60/multiphysics/lib/glnxa64/libcspost.so
7b9527ca5000-7b9527ca7000 r--p 000a5000 103:03 7609997                   /opt/comsol60/multiphysics/lib/glnxa64/libcspost.so
7b9527ca7000-7b9527caa000 rw-p 000a7000 103:03 7609997                   /opt/comsol60/multiphysics/lib/glnxa64/libcspost.so
7b9527d0b000-7b9527d0c000 ---p 00000000 00:00 0 
7b9527d0c000-7b9527e0d000 rw-p 00000000 00:00 0 
7b9527e0d000-7b9527fea000 r-xp 00000000 103:03 5901558                   /opt/MATLAB/R2023a/bin/glnxa64/libicuuc.so.69.1
7b9527fea000-7b9527ffd000 r--p 001dc000 103:03 5901558                   /opt/MATLAB/R2023a/bin/glnxa64/libicuuc.so.69.1
7b9527ffd000-7b9527ffe000 rw-p 001ef000 103:03 5901558                   /opt/MATLAB/R2023a/bin/glnxa64/libicuuc.so.69.1
7b9527ffe000-7b9528000000 rw-p 00000000 00:00 0 
7b9528000000-7b952851b000 rw-p 00000000 00:00 0 
7b952851b000-7b952c000000 ---p 00000000 00:00 0 
7b952c000000-7b952c021000 rw-p 00000000 00:00 0 
7b952c021000-7b9530000000 ---p 00000000 00:00 0 
7b9530099000-7b95301f3000 r-xp 00000000 103:03 5901844                   /opt/MATLAB/R2023a/bin/glnxa64/libxml2.so.2.10.3
7b95301f3000-7b95301fc000 r--p 00159000 103:03 5901844                   /opt/MATLAB/R2023a/bin/glnxa64/libxml2.so.2.10.3
7b95301fc000-7b95301ff000 rw-p 00162000 103:03 5901844                   /opt/MATLAB/R2023a/bin/glnxa64/libxml2.so.2.10.3
7b95301ff000-7b9530200000 rw-p 00000000 00:00 0 
7b9530200000-7b95305ac000 r-xp 00000000 103:03 7609985                   /opt/comsol60/multiphysics/lib/glnxa64/libcsjni.so
7b95305ac000-7b95307ab000 ---p 003ac000 103:03 7609985                   /opt/comsol60/multiphysics/lib/glnxa64/libcsjni.so
7b95307ab000-7b95307ae000 r--p 003ab000 103:03 7609985                   /opt/comsol60/multiphysics/lib/glnxa64/libcsjni.so
7b95307ae000-7b95307b5000 rw-p 003ae000 103:03 7609985                   /opt/comsol60/multiphysics/lib/glnxa64/libcsjni.so
7b95307b5000-7b95307b6000 rw-p 00000000 00:00 0 
7b95307fc000-7b95307fd000 ---p 00000000 00:00 0 
7b95307fd000-7b95308fe000 rw-p 00000000 00:00 0 
7b95308fe000-7b95308ff000 ---p 00000000 00:00 0 
7b95308ff000-7b9530a00000 rw-p 00000000 00:00 0 
7b9530a00000-7b9530a01000 r-xp 00000000 103:03 7605374                   /opt/comsol60/multiphysics/lib/glnxa64/libcsdynload.so
7b9530a01000-7b9530c00000 ---p 00001000 103:03 7605374                   /opt/comsol60/multiphysics/lib/glnxa64/libcsdynload.so
7b9530c00000-7b9530c01000 r--p 00000000 103:03 7605374                   /opt/comsol60/multiphysics/lib/glnxa64/libcsdynload.so
7b9530c01000-7b9530c02000 rw-p 00001000 103:03 7605374                   /opt/comsol60/multiphysics/lib/glnxa64/libcsdynload.so
7b9530cfa000-7b9530cfb000 ---p 00000000 00:00 0 
7b9530cfb000-7b9530dfc000 rw-p 00000000 00:00 0 
7b9530dfc000-7b9530dfd000 ---p 00000000 00:00 0 
7b9530dfd000-7b9530efe000 rw-p 00000000 00:00 0 
7b9530efe000-7b9530eff000 ---p 00000000 00:00 0 
7b9530eff000-7b9531000000 rw-p 00000000 00:00 0 
7b9531000000-7b9531004000 ---p 00000000 00:00 0 
7b9531004000-7b9531400000 rw-p 00000000 00:00 0 
7b9531400000-7b9531404000 ---p 00000000 00:00 0 
7b9531404000-7b9531800000 rw-p 00000000 00:00 0 
7b9531800000-7b9531804000 ---p 00000000 00:00 0 
7b9531804000-7b9531c00000 rw-p 00000000 00:00 0 
7b9531c00000-7b9531c04000 ---p 00000000 00:00 0 
7b9531c04000-7b9532000000 rw-p 00000000 00:00 0 
7b9532000000-7b9532004000 ---p 00000000 00:00 0 
7b9532004000-7b9532400000 rw-p 00000000 00:00 0 
7b9532400000-7b9532404000 ---p 00000000 00:00 0 
7b9532404000-7b9532800000 rw-p 00000000 00:00 0 
7b9532800000-7b9532804000 ---p 00000000 00:00 0 
7b9532804000-7b9532c00000 rw-p 00000000 00:00 0 
7b9532c00000-7b9532c04000 ---p 00000000 00:00 0 
7b9532c04000-7b9533000000 rw-p 00000000 00:00 0 
7b9533000000-7b9533001000 ---p 00000000 00:00 0 
7b9533001000-7b9533801000 rw-p 00000000 00:00 0 
7b95338fe000-7b95338ff000 ---p 00000000 00:00 0 
7b95338ff000-7b9533a00000 rw-p 00000000 00:00 0 
7b9533a00000-7b9533b4a000 r-xp 00000000 103:03 7609756                   /opt/comsol60/multiphysics/java/glnxa64/jre/lib/libfontmanager.so
7b9533b4a000-7b9533d4a000 ---p 0014a000 103:03 7609756                   /opt/comsol60/multiphysics/java/glnxa64/jre/lib/libfontmanager.so
7b9533d4a000-7b9533d4c000 r--p 0014a000 103:03 7609756                   /opt/comsol60/multiphysics/java/glnxa64/jre/lib/libfontmanager.so
7b9533d4c000-7b9533d4d000 rw-p 0014c000 103:03 7609756                   /opt/comsol60/multiphysics/java/glnxa64/jre/lib/libfontmanager.so
7b9533d4d000-7b9533d50000 rw-p 00000000 00:00 0 
7b9533dfc000-7b9533dfd000 ---p 00000000 00:00 0 
7b9533dfd000-7b9533efe000 rw-p 00000000 00:00 0 
7b9533efe000-7b9533eff000 ---p 00000000 00:00 0 
7b9533eff000-7b9534000000 rw-p 00000000 00:00 0 
7b9534000000-7b95344f8000 rw-p 00000000 00:00 0 
7b95344f8000-7b9538000000 ---p 00000000 00:00 0 
7b9538000000-7b9539524000 rw-p 00000000 00:00 0 
7b9539524000-7b953c000000 ---p 00000000 00:00 0 
7b953c100000-7b953c3c0000 rw-p 00000000 00:00 0 
7b953c3c0000-7b953c600000 rw-p 00000000 00:00 0 
7b953c600000-7b953c65d000 r-xp 00000000 103:03 7609753                   /opt/comsol60/multiphysics/java/glnxa64/jre/lib/libawt_xawt.so
7b953c65d000-7b953c85d000 ---p 0005d000 103:03 7609753                   /opt/comsol60/multiphysics/java/glnxa64/jre/lib/libawt_xawt.so
7b953c85d000-7b953c85e000 r--p 0005d000 103:03 7609753                   /opt/comsol60/multiphysics/java/glnxa64/jre/lib/libawt_xawt.so
7b953c85e000-7b953c860000 rw-p 0005e000 103:03 7609753                   /opt/comsol60/multiphysics/java/glnxa64/jre/lib/libawt_xawt.so
7b953c860000-7b953c862000 rw-p 00000000 00:00 0 
7b953c900000-7b953cc00000 rw-p 00000000 00:00 0 
7b953cc00000-7b953cc9e000 r-xp 00000000 103:03 7609752                   /opt/comsol60/multiphysics/java/glnxa64/jre/lib/libawt.so
7b953cc9e000-7b953ce9d000 ---p 0009e000 103:03 7609752                   /opt/comsol60/multiphysics/java/glnxa64/jre/lib/libawt.so
7b953ce9d000-7b953ce9e000 r--p 0009d000 103:03 7609752                   /opt/comsol60/multiphysics/java/glnxa64/jre/lib/libawt.so
7b953ce9e000-7b953cea9000 rw-p 0009e000 103:03 7609752                   /opt/comsol60/multiphysics/java/glnxa64/jre/lib/libawt.so
7b953cea9000-7b953cece000 rw-p 00000000 00:00 0 
7b953cefa000-7b953cefb000 ---p 00000000 00:00 0 
7b953cefb000-7b953cffc000 rw-p 00000000 00:00 0 
7b953cffc000-7b953cffd000 ---p 00000000 00:00 0 
7b953cffd000-7b953d0fe000 rw-p 00000000 00:00 0 
7b953d0fe000-7b953d0ff000 ---p 00000000 00:00 0 
7b953d0ff000-7b953d200000 rw-p 00000000 00:00 0 
7b953d200000-7b953d3cd000 r-xp 00000000 103:03 7605383                   /opt/comsol60/multiphysics/lib/glnxa64/libiomp5.so
7b953d3cd000-7b953d5cd000 ---p 001cd000 103:03 7605383                   /opt/comsol60/multiphysics/lib/glnxa64/libiomp5.so
7b953d5cd000-7b953d5d0000 r--p 001cd000 103:03 7605383                   /opt/comsol60/multiphysics/lib/glnxa64/libiomp5.so
7b953d5d0000-7b953d5da000 rw-p 001d0000 103:03 7605383                   /opt/comsol60/multiphysics/lib/glnxa64/libiomp5.so
7b953d5da000-7b953d606000 rw-p 00000000 00:00 0 
7b953d6b9000-7b953d6ba000 ---p 00000000 00:00 0 
7b953d6ba000-7b953d7bb000 rw-p 00000000 00:00 0 
7b953d7bb000-7b953da00000 rw-s 00000000 00:01 9219                       /memfd:/.nvidia_drv.XXXXXX (deleted)
7b953da00000-7b953da9a000 r--p 00000000 103:03 11553713                  /usr/lib/x86_64-linux-gnu/libstdc++.so.6.0.30
7b953da9a000-7b953dbab000 r-xp 0009a000 103:03 11553713                  /usr/lib/x86_64-linux-gnu/libstdc++.so.6.0.30
7b953dbab000-7b953dc1a000 r--p 001ab000 103:03 11553713                  /usr/lib/x86_64-linux-gnu/libstdc++.so.6.0.30
7b953dc1a000-7b953dc1b000 ---p 0021a000 103:03 11553713                  /usr/lib/x86_64-linux-gnu/libstdc++.so.6.0.30
7b953dc1b000-7b953dc26000 r--p 0021a000 103:03 11553713                  /usr/lib/x86_64-linux-gnu/libstdc++.so.6.0.30
7b953dc26000-7b953dc29000 rw-p 00225000 103:03 11553713                  /usr/lib/x86_64-linux-gnu/libstdc++.so.6.0.30
7b953dc29000-7b953dc2c000 rw-p 00000000 00:00 0 
7b953dcfe000-7b953dcff000 ---p 00000000 00:00 0 
7b953dcff000-7b953de00000 rw-p 00000000 00:00 0 
7b953de00000-7b953de13000 r-xp 00000000 103:03 7605375                   /opt/comsol60/multiphysics/lib/glnxa64/libcssystemutil.so
7b953de13000-7b953e013000 ---p 00013000 103:03 7605375                   /opt/comsol60/multiphysics/lib/glnxa64/libcssystemutil.so
7b953e013000-7b953e014000 r--p 00013000 103:03 7605375                   /opt/comsol60/multiphysics/lib/glnxa64/libcssystemutil.so
7b953e014000-7b953e015000 rw-p 00014000 103:03 7605375                   /opt/comsol60/multiphysics/lib/glnxa64/libcssystemutil.so
7b953e015000-7b953e016000 rw-p 00000000 00:00 0 
7b953e0d5000-7b953e126000 r--p 00000000 103:03 11546283                  /usr/lib/x86_64-linux-gnu/libGLX_nvidia.so.535.183.01
7b953e126000-7b953e180000 r-xp 00051000 103:03 11546283                  /usr/lib/x86_64-linux-gnu/libGLX_nvidia.so.535.183.01
7b953e180000-7b953e1b5000 rwxp 000ab000 103:03 11546283                  /usr/lib/x86_64-linux-gnu/libGLX_nvidia.so.535.183.01
7b953e1b5000-7b953e1b6000 r-xp 000e0000 103:03 11546283                  /usr/lib/x86_64-linux-gnu/libGLX_nvidia.so.535.183.01
7b953e1b6000-7b953e1d5000 r--p 000e1000 103:03 11546283                  /usr/lib/x86_64-linux-gnu/libGLX_nvidia.so.535.183.01
7b953e1d5000-7b953e1f5000 r--p 000ff000 103:03 11546283                  /usr/lib/x86_64-linux-gnu/libGLX_nvidia.so.535.183.01
7b953e1f5000-7b953e1fa000 rw-p 0011f000 103:03 11546283                  /usr/lib/x86_64-linux-gnu/libGLX_nvidia.so.535.183.01
7b953e1fa000-7b953e1fc000 rw-p 00000000 00:00 0 
7b953e1fc000-7b953e1fd000 ---p 00000000 00:00 0 
7b953e1fd000-7b953e2fe000 rw-p 00000000 00:00 0 
7b953e2fe000-7b953e2ff000 ---p 00000000 00:00 0 
7b953e2ff000-7b953e400000 rw-p 00000000 00:00 0 
7b953e400000-7b953e5c0000 rw-p 00000000 00:00 0 
7b953e5c0000-7b953e800000 rw-p 00000000 00:00 0 
7b953e800000-7b953e900000 rw-s 00000000 00:05 1048                       /dev/nvidiactl
7b953eafc000-7b953eafd000 ---p 00000000 00:00 0 
7b953eafd000-7b953ebfe000 rw-p 00000000 00:00 0 
7b953ebfe000-7b953ebff000 ---p 00000000 00:00 0 
7b953ebff000-7b953ed00000 rw-p 00000000 00:00 0 
7b953ee60000-7b953ee80000 r--p 00000000 103:03 7610016                   /opt/comsol60/multiphysics/lib/glnxa64/libifcoremt.so.5
7b953ee80000-7b953ef71000 r-xp 00020000 103:03 7610016                   /opt/comsol60/multiphysics/lib/glnxa64/libifcoremt.so.5
7b953ef71000-7b953efa6000 r--p 00111000 103:03 7610016                   /opt/comsol60/multiphysics/lib/glnxa64/libifcoremt.so.5
7b953efa6000-7b953efa9000 r--p 00145000 103:03 7610016                   /opt/comsol60/multiphysics/lib/glnxa64/libifcoremt.so.5
7b953efa9000-7b953efac000 rw-p 00148000 103:03 7610016                   /opt/comsol60/multiphysics/lib/glnxa64/libifcoremt.so.5
7b953efac000-7b953effe000 rw-p 00000000 00:00 0 
7b953effe000-7b953efff000 ---p 00000000 00:00 0 
7b953efff000-7b953f100000 rw-p 00000000 00:00 0 
7b953f200000-7b953f400000 rw-p 00000000 00:00 0 
7b953f400000-7b953f404000 ---p 00000000 00:00 0 
7b953f404000-7b953f800000 rw-p 00000000 00:00 0 
7b953f800000-7b953f804000 ---p 00000000 00:00 0 
7b953f804000-7b953fc00000 rw-p 00000000 00:00 0 
7b9540000000-7b9540021000 rw-p 00000000 00:00 0 
7b9540021000-7b9544000000 ---p 00000000 00:00 0 
7b9544000000-7b9544021000 rw-p 00000000 00:00 0 
7b9544021000-7b9548000000 ---p 00000000 00:00 0 
7b95480fa000-7b95480fb000 ---p 00000000 00:00 0 
7b95480fb000-7b95481fc000 rw-p 00000000 00:00 0 
7b95481fc000-7b95481fd000 ---p 00000000 00:00 0 
7b95481fd000-7b95482fe000 rw-p 00000000 00:00 0 
7b95482fe000-7b95482ff000 ---p 00000000 00:00 0 
7b95482ff000-7b9548400000 rw-p 00000000 00:00 0 
7b9549000000-7b954901f000 r-xp 00000000 103:03 11540262                  /usr/lib/x86_64-linux-gnu/libnvidia-allocator.so.535.183.01
7b954901f000-7b954921e000 ---p 0001f000 103:03 11540262                  /usr/lib/x86_64-linux-gnu/libnvidia-allocator.so.535.183.01
7b954921e000-7b9549226000 r--p 0001e000 103:03 11540262                  /usr/lib/x86_64-linux-gnu/libnvidia-allocator.so.535.183.01
7b9549226000-7b9549227000 rw-p 00026000 103:03 11540262                  /usr/lib/x86_64-linux-gnu/libnvidia-allocator.so.535.183.01
7b9549227000-7b9549228000 rw-p 00000000 00:00 0 
7b9549600000-7b9549756000 r--p 00000000 103:03 11536950                  /usr/lib/x86_64-linux-gnu/libjavascriptcoregtk-4.0.so.18.24.7
7b9549756000-7b954ade2000 r-xp 00156000 103:03 11536950                  /usr/lib/x86_64-linux-gnu/libjavascriptcoregtk-4.0.so.18.24.7
7b954ade2000-7b954b1f8000 r--p 017e2000 103:03 11536950                  /usr/lib/x86_64-linux-gnu/libjavascriptcoregtk-4.0.so.18.24.7
7b954b1f8000-7b954b248000 r--p 01bf7000 103:03 11536950                  /usr/lib/x86_64-linux-gnu/libjavascriptcoregtk-4.0.so.18.24.7
7b954b248000-7b954b262000 rw-p 01c47000 103:03 11536950                  /usr/lib/x86_64-linux-gnu/libjavascriptcoregtk-4.0.so.18.24.7
7b954b262000-7b954b274000 rw-p 00000000 00:00 0 
7b954b400000-7b954b404000 ---p 00000000 00:00 0 
7b954b404000-7b954b800000 rw-p 00000000 00:00 0 
7b954ba00000-7b954ba04000 r-xp 00000000 103:03 11546286                  /usr/lib/x86_64-linux-gnu/libnvidia-egl-gbm.so.1.1.0
7b954ba04000-7b954bc04000 ---p 00004000 103:03 11546286                  /usr/lib/x86_64-linux-gnu/libnvidia-egl-gbm.so.1.1.0
7b954bc04000-7b954bc05000 r--p 00004000 103:03 11546286                  /usr/lib/x86_64-linux-gnu/libnvidia-egl-gbm.so.1.1.0
7b954bc05000-7b954bc06000 rw-p 00005000 103:03 11546286                  /usr/lib/x86_64-linux-gnu/libnvidia-egl-gbm.so.1.1.0
7b954c000000-7b954c021000 rw-p 00000000 00:00 0 
7b954c021000-7b9550000000 ---p 00000000 00:00 0 
7b9550000000-7b9550021000 rw-p 00000000 00:00 0 
7b9550021000-7b9554000000 ---p 00000000 00:00 0 
7b955403f000-7b95540fe000 rw-s 00000000 00:05 1048                       /dev/nvidiactl
7b95540fe000-7b95540ff000 ---p 00000000 00:00 0 
7b95540ff000-7b9554200000 rw-p 00000000 00:00 0 
7b9554200000-7b9554204000 ---p 00000000 00:00 0 
7b9554204000-7b9554600000 rw-p 00000000 00:00 0 
7b9554600000-7b9554604000 ---p 00000000 00:00 0 
7b9554604000-7b9554a00000 rw-p 00000000 00:00 0 
7b9554e00000-7b9554e04000 ---p 00000000 00:00 0 
7b9554e04000-7b9555200000 rw-p 00000000 00:00 0 
7b9555200000-7b9555400000 rw-p 00000000 00:00 0 
7b9555600000-7b9555601000 ---p 00000000 00:00 0 
7b9555601000-7b9555e01000 rw-p 00000000 00:00 0 
7b9556000000-7b9556004000 ---p 00000000 00:00 0 
7b9556004000-7b9556400000 rw-p 00000000 00:00 0 
7b9556400000-7b9556404000 ---p 00000000 00:00 0 
7b9556404000-7b9556800000 rw-p 00000000 00:00 0 
7b9556c00000-7b9556ce3000 r-xp 00000000 103:03 11542369                  /usr/lib/x86_64-linux-gnu/libEGL_nvidia.so.535.183.01
7b9556ce3000-7b9556ee3000 ---p 000e3000 103:03 11542369                  /usr/lib/x86_64-linux-gnu/libEGL_nvidia.so.535.183.01
7b9556ee3000-7b9556f31000 r--p 000e3000 103:03 11542369                  /usr/lib/x86_64-linux-gnu/libEGL_nvidia.so.535.183.01
7b9556f31000-7b9556f47000 rw-p 00131000 103:03 11542369                  /usr/lib/x86_64-linux-gnu/libEGL_nvidia.so.535.183.01
7b9556f47000-7b9556f4c000 rw-p 00000000 00:00 0 
7b9557200000-7b95572b2000 r--p 00000000 103:03 11536638                  /usr/lib/x86_64-linux-gnu/libcrypto.so.3
7b95572b2000-7b9557511000 r-xp 000b2000 103:03 11536638                  /usr/lib/x86_64-linux-gnu/libcrypto.so.3
7b9557511000-7b95575e3000 r--p 00311000 103:03 11536638                  /usr/lib/x86_64-linux-gnu/libcrypto.so.3
7b95575e3000-7b955763e000 r--p 003e2000 103:03 11536638                  /usr/lib/x86_64-linux-gnu/libcrypto.so.3
7b955763e000-7b9557641000 rw-p 0043d000 103:03 11536638                  /usr/lib/x86_64-linux-gnu/libcrypto.so.3
7b9557641000-7b9557644000 rw-p 00000000 00:00 0 
7b9557800000-7b9557804000 ---p 00000000 00:00 0 
7b9557804000-7b9557c00000 rw-p 00000000 00:00 0 
7b9558000000-7b95584ba000 rw-p 00000000 00:00 0 
7b95584ba000-7b955c000000 ---p 00000000 00:00 0 
7b955c000000-7b955c021000 rw-p 00000000 00:00 0 
7b955c021000-7b9560000000 ---p 00000000 00:00 0 
7b956007e000-7b95600fe000 rw-s 00000000 00:05 1048                       /dev/nvidiactl
7b95600fe000-7b95600ff000 ---p 00000000 00:00 0 
7b95600ff000-7b9560200000 rw-p 00000000 00:00 0 
7b9560200000-7b9560204000 ---p 00000000 00:00 0 
7b9560204000-7b9560600000 rw-p 00000000 00:00 0 
7b9560800000-7b956080f000 r-xp 00000000 103:03 7609951                   /opt/comsol60/multiphysics/ext/graphicsmagick/glnxa64/libbz2.so.1.0.4
7b956080f000-7b9560a0e000 ---p 0000f000 103:03 7609951                   /opt/comsol60/multiphysics/ext/graphicsmagick/glnxa64/libbz2.so.1.0.4
7b9560a0e000-7b9560a0f000 r--p 0000e000 103:03 7609951                   /opt/comsol60/multiphysics/ext/graphicsmagick/glnxa64/libbz2.so.1.0.4
7b9560a0f000-7b9560a10000 rw-p 0000f000 103:03 7609951                   /opt/comsol60/multiphysics/ext/graphicsmagick/glnxa64/libbz2.so.1.0.4
7b9560e00000-7b9560e04000 ---p 00000000 00:00 0 
7b9560e04000-7b9561200000 rw-p 00000000 00:00 0 
7b9561276000-7b95612f6000 rw-s 00000000 00:05 1048                       /dev/nvidiactl
7b95612f6000-7b95612f7000 ---p 00000000 00:00 0 
7b95612f7000-7b95613f8000 rw-p 00000000 00:00 0 
7b95613f8000-7b95613f9000 ---p 00000000 00:00 0 
7b95613f9000-7b95614fa000 rw-p 00000000 00:00 0 
7b95614fa000-7b95614fb000 ---p 00000000 00:00 0 
7b95614fb000-7b95615fc000 rw-p 00000000 00:00 0 
7b95615fc000-7b95615fd000 ---p 00000000 00:00 0 
7b95615fd000-7b95616fe000 rw-p 00000000 00:00 0 
7b95616fe000-7b95616ff000 ---p 00000000 00:00 0 
7b95616ff000-7b9561800000 rw-p 00000000 00:00 0 
7b9561800000-7b9561a00000 rw-p 00000000 00:00 0 
7b9561a00000-7b9561a04000 ---p 00000000 00:00 0 
7b9561a04000-7b9561e00000 rw-p 00000000 00:00 0 
7b9561e00000-7b9561e04000 ---p 00000000 00:00 0 
7b9561e04000-7b9562200000 rw-p 00000000 00:00 0 
7b9562200000-7b9562204000 ---p 00000000 00:00 0 
7b9562204000-7b9562600000 rw-p 00000000 00:00 0 
7b9562600000-7b9562604000 ---p 00000000 00:00 0 
7b9562604000-7b9562a00000 rw-p 00000000 00:00 0 
7b9562a00000-7b9562a04000 ---p 00000000 00:00 0 
7b9562a04000-7b9562e00000 rw-p 00000000 00:00 0 
7b9563200000-7b9563204000 ---p 00000000 00:00 0 
7b9563204000-7b9563600000 rw-p 00000000 00:00 0 
7b9563680000-7b95638c5000 rw-s 00000000 00:01 9219                       /memfd:/.nvidia_drv.XXXXXX (deleted)
7b95638c5000-7b95638ee000 r--p 00000000 103:03 11554088                  /usr/lib/x86_64-linux-gnu/libp11-kit.so.0.3.0
7b95638ee000-7b9563992000 r-xp 00029000 103:03 11554088                  /usr/lib/x86_64-linux-gnu/libp11-kit.so.0.3.0
7b9563992000-7b95639ec000 r--p 000cd000 103:03 11554088                  /usr/lib/x86_64-linux-gnu/libp11-kit.so.0.3.0
7b95639ec000-7b95639f6000 r--p 00126000 103:03 11554088                  /usr/lib/x86_64-linux-gnu/libp11-kit.so.0.3.0
7b95639f6000-7b9563a00000 rw-p 00130000 103:03 11554088                  /usr/lib/x86_64-linux-gnu/libp11-kit.so.0.3.0
7b9563a00000-7b9563ae7000 r--p 00000000 103:03 11553848                  /usr/lib/x86_64-linux-gnu/libicui18n.so.70.1
7b9563ae7000-7b9563c8a000 r-xp 000e7000 103:03 11553848                  /usr/lib/x86_64-linux-gnu/libicui18n.so.70.1
7b9563c8a000-7b9563d1c000 r--p 0028a000 103:03 11553848                  /usr/lib/x86_64-linux-gnu/libicui18n.so.70.1
7b9563d1c000-7b9563d2d000 r--p 0031b000 103:03 11553848                  /usr/lib/x86_64-linux-gnu/libicui18n.so.70.1
7b9563d2d000-7b9563d2e000 rw-p 0032c000 103:03 11553848                  /usr/lib/x86_64-linux-gnu/libicui18n.so.70.1
7b9563d2e000-7b9563d2f000 rw-p 00000000 00:00 0 
7b9563e2f000-7b9563e39000 r--p 00000000 103:03 11554567                  /usr/lib/x86_64-linux-gnu/libzstd.so.1.4.8
7b9563e39000-7b9563eeb000 r-xp 0000a000 103:03 11554567                  /usr/lib/x86_64-linux-gnu/libzstd.so.1.4.8
7b9563eeb000-7b9563efc000 r--p 000bc000 103:03 11554567                  /usr/lib/x86_64-linux-gnu/libzstd.so.1.4.8
7b9563efc000-7b9563efd000 r--p 000cc000 103:03 11554567                  /usr/lib/x86_64-linux-gnu/libzstd.so.1.4.8
7b9563efd000-7b9563efe000 rw-p 000cd000 103:03 11554567                  /usr/lib/x86_64-linux-gnu/libzstd.so.1.4.8
7b9563efe000-7b9563eff000 ---p 00000000 00:00 0 
7b9563eff000-7b9564000000 rw-p 00000000 00:00 0 
7b9564000000-7b9564021000 rw-p 00000000 00:00 0 
7b9564021000-7b9568000000 ---p 00000000 00:00 0 
7b9568000000-7b9568021000 rw-p 00000000 00:00 0 
7b9568021000-7b956c000000 ---p 00000000 00:00 0 
7b956c053000-7b956c067000 r--p 00000000 103:03 11554442                  /usr/lib/x86_64-linux-gnu/libvorbisenc.so.2.0.12
7b956c067000-7b956c06a000 r-xp 00014000 103:03 11554442                  /usr/lib/x86_64-linux-gnu/libvorbisenc.so.2.0.12
7b956c06a000-7b956c0e1000 r--p 00017000 103:03 11554442                  /usr/lib/x86_64-linux-gnu/libvorbisenc.so.2.0.12
7b956c0e1000-7b956c0fd000 r--p 0008d000 103:03 11554442                  /usr/lib/x86_64-linux-gnu/libvorbisenc.so.2.0.12
7b956c0fd000-7b956c0fe000 rw-p 000a9000 103:03 11554442                  /usr/lib/x86_64-linux-gnu/libvorbisenc.so.2.0.12
7b956c0fe000-7b956c0ff000 ---p 00000000 00:00 0 
7b956c0ff000-7b956c200000 rw-p 00000000 00:00 0 
7b956c200000-7b956c400000 rw-p 00000000 00:00 0 
7b956c439000-7b956c446000 r--p 00000000 103:03 11543662                  /usr/lib/x86_64-linux-gnu/libglapi.so.0.0.0
7b956c446000-7b956c454000 r-xp 0000d000 103:03 11543662                  /usr/lib/x86_64-linux-gnu/libglapi.so.0.0.0
7b956c454000-7b956c468000 r--p 0001b000 103:03 11543662                  /usr/lib/x86_64-linux-gnu/libglapi.so.0.0.0
7b956c468000-7b956c469000 ---p 0002f000 103:03 11543662                  /usr/lib/x86_64-linux-gnu/libglapi.so.0.0.0
7b956c469000-7b956c46d000 r--p 0002f000 103:03 11543662                  /usr/lib/x86_64-linux-gnu/libglapi.so.0.0.0
7b956c46d000-7b956c46e000 rw-p 00033000 103:03 11543662                  /usr/lib/x86_64-linux-gnu/libglapi.so.0.0.0
7b956c46e000-7b956c478000 r--p 00000000 103:03 11534937                  /usr/lib/x86_64-linux-gnu/libEGL_mesa.so.0.0.0
7b956c478000-7b956c4a3000 r-xp 0000a000 103:03 11534937                  /usr/lib/x86_64-linux-gnu/libEGL_mesa.so.0.0.0
7b956c4a3000-7b956c4b3000 r--p 00035000 103:03 11534937                  /usr/lib/x86_64-linux-gnu/libEGL_mesa.so.0.0.0
7b956c4b3000-7b956c4b6000 r--p 00044000 103:03 11534937                  /usr/lib/x86_64-linux-gnu/libEGL_mesa.so.0.0.0
7b956c4b6000-7b956c4b7000 rw-p 00047000 103:03 11534937                  /usr/lib/x86_64-linux-gnu/libEGL_mesa.so.0.0.0
7b956c4d1000-7b956c4d4000 r--p 00000000 103:03 11557967                  /usr/lib/x86_64-linux-gnu/libsasl2.so.2.0.25
7b956c4d4000-7b956c4e5000 r-xp 00003000 103:03 11557967                  /usr/lib/x86_64-linux-gnu/libsasl2.so.2.0.25
7b956c4e5000-7b956c4ea000 r--p 00014000 103:03 11557967                  /usr/lib/x86_64-linux-gnu/libsasl2.so.2.0.25
7b956c4ea000-7b956c4eb000 r--p 00018000 103:03 11557967                  /usr/lib/x86_64-linux-gnu/libsasl2.so.2.0.25
7b956c4eb000-7b956c4ec000 rw-p 00019000 103:03 11557967                  /usr/lib/x86_64-linux-gnu/libsasl2.so.2.0.25
7b956c4ec000-7b956c4f6000 r--p 00000000 103:03 11553686                  /usr/lib/x86_64-linux-gnu/libgmp.so.10.4.1
7b956c4f6000-7b956c555000 r-xp 0000a000 103:03 11553686                  /usr/lib/x86_64-linux-gnu/libgmp.so.10.4.1
7b956c555000-7b956c56c000 r--p 00069000 103:03 11553686                  /usr/lib/x86_64-linux-gnu/libgmp.so.10.4.1
7b956c56c000-7b956c56d000 r--p 0007f000 103:03 11553686                  /usr/lib/x86_64-linux-gnu/libgmp.so.10.4.1
7b956c56d000-7b956c56e000 rw-p 00080000 103:03 11553686                  /usr/lib/x86_64-linux-gnu/libgmp.so.10.4.1
7b956c56e000-7b956c576000 r--p 00000000 103:03 11553818                  /usr/lib/x86_64-linux-gnu/libhogweed.so.6.4
7b956c576000-7b956c589000 r-xp 00008000 103:03 11553818                  /usr/lib/x86_64-linux-gnu/libhogweed.so.6.4
7b956c589000-7b956c5b3000 r--p 0001b000 103:03 11553818                  /usr/lib/x86_64-linux-gnu/libhogweed.so.6.4
7b956c5b3000-7b956c5b4000 ---p 00045000 103:03 11553818                  /usr/lib/x86_64-linux-gnu/libhogweed.so.6.4
7b956c5b4000-7b956c5b5000 r--p 00045000 103:03 11553818                  /usr/lib/x86_64-linux-gnu/libhogweed.so.6.4
7b956c5b5000-7b956c5b6000 rw-p 00046000 103:03 11553818                  /usr/lib/x86_64-linux-gnu/libhogweed.so.6.4
7b956c5b6000-7b956c5c4000 r--p 00000000 103:03 11551209                  /usr/lib/x86_64-linux-gnu/libldap-2.5.so.0.1.13
7b956c5c4000-7b956c5fe000 r-xp 0000e000 103:03 11551209                  /usr/lib/x86_64-linux-gnu/libldap-2.5.so.0.1.13
7b956c5fe000-7b956c60f000 r--p 00048000 103:03 11551209                  /usr/lib/x86_64-linux-gnu/libldap-2.5.so.0.1.13
7b956c60f000-7b956c610000 ---p 00059000 103:03 11551209                  /usr/lib/x86_64-linux-gnu/libldap-2.5.so.0.1.13
7b956c610000-7b956c612000 r--p 00059000 103:03 11551209                  /usr/lib/x86_64-linux-gnu/libldap-2.5.so.0.1.13
7b956c612000-7b956c613000 rw-p 0005b000 103:03 11551209                  /usr/lib/x86_64-linux-gnu/libldap-2.5.so.0.1.13
7b956c613000-7b956c615000 rw-p 00000000 00:00 0 
7b956c615000-7b956c646000 r--p 00000000 103:03 11534385                  /usr/lib/x86_64-linux-gnu/libgnutls.so.30.31.0
7b956c646000-7b956c76f000 r-xp 00031000 103:03 11534385                  /usr/lib/x86_64-linux-gnu/libgnutls.so.30.31.0
7b956c76f000-7b956c7ec000 r--p 0015a000 103:03 11534385                  /usr/lib/x86_64-linux-gnu/libgnutls.so.30.31.0
7b956c7ec000-7b956c7fc000 r--p 001d6000 103:03 11534385                  /usr/lib/x86_64-linux-gnu/libgnutls.so.30.31.0
7b956c7fc000-7b956c7fe000 rw-p 001e6000 103:03 11534385                  /usr/lib/x86_64-linux-gnu/libgnutls.so.30.31.0
7b956c7fe000-7b956ca00000 rw-p 00000000 00:00 0 
7b956ca07000-7b956ca17000 rw-s 00000000 00:05 1049                       /dev/nvidia0
7b956ca17000-7b956ca21000 r--p 00000000 103:03 11554025                  /usr/lib/x86_64-linux-gnu/libnettle.so.8.4
7b956ca21000-7b956ca44000 r-xp 0000a000 103:03 11554025                  /usr/lib/x86_64-linux-gnu/libnettle.so.8.4
7b956ca44000-7b956ca5a000 r--p 0002d000 103:03 11554025                  /usr/lib/x86_64-linux-gnu/libnettle.so.8.4
7b956ca5a000-7b956ca5c000 r--p 00042000 103:03 11554025                  /usr/lib/x86_64-linux-gnu/libnettle.so.8.4
7b956ca5c000-7b956ca5d000 rw-p 00044000 103:03 11554025                  /usr/lib/x86_64-linux-gnu/libnettle.so.8.4
7b956ca5d000-7b956ca6a000 r--p 00000000 103:03 11550934                  /usr/lib/x86_64-linux-gnu/libssh.so.4.8.7
7b956ca6a000-7b956caad000 r-xp 0000d000 103:03 11550934                  /usr/lib/x86_64-linux-gnu/libssh.so.4.8.7
7b956caad000-7b956cac6000 r--p 00050000 103:03 11550934                  /usr/lib/x86_64-linux-gnu/libssh.so.4.8.7
7b956cac6000-7b956cac8000 r--p 00068000 103:03 11550934                  /usr/lib/x86_64-linux-gnu/libssh.so.4.8.7
7b956cac8000-7b956caca000 rw-p 0006a000 103:03 11550934                  /usr/lib/x86_64-linux-gnu/libssh.so.4.8.7
7b956caca000-7b956cacf000 r--p 00000000 103:03 11554227                  /usr/lib/x86_64-linux-gnu/librtmp.so.1
7b956cacf000-7b956cadf000 r-xp 00005000 103:03 11554227                  /usr/lib/x86_64-linux-gnu/librtmp.so.1
7b956cadf000-7b956cae6000 r--p 00015000 103:03 11554227                  /usr/lib/x86_64-linux-gnu/librtmp.so.1
7b956cae6000-7b956cae7000 ---p 0001c000 103:03 11554227                  /usr/lib/x86_64-linux-gnu/librtmp.so.1
7b956cae7000-7b956cae8000 r--p 0001c000 103:03 11554227                  /usr/lib/x86_64-linux-gnu/librtmp.so.1
7b956cae8000-7b956cae9000 rw-p 0001d000 103:03 11554227                  /usr/lib/x86_64-linux-gnu/librtmp.so.1
7b956cae9000-7b956caf7000 r--p 00000000 103:03 11539689                  /usr/lib/x86_64-linux-gnu/libcurl-gnutls.so.4.7.0
7b956caf7000-7b956cb69000 r-xp 0000e000 103:03 11539689                  /usr/lib/x86_64-linux-gnu/libcurl-gnutls.so.4.7.0
7b956cb69000-7b956cb84000 r--p 00080000 103:03 11539689                  /usr/lib/x86_64-linux-gnu/libcurl-gnutls.so.4.7.0
7b956cb84000-7b956cb88000 r--p 0009a000 103:03 11539689                  /usr/lib/x86_64-linux-gnu/libcurl-gnutls.so.4.7.0
7b956cb88000-7b956cb8a000 rw-p 0009e000 103:03 11539689                  /usr/lib/x86_64-linux-gnu/libcurl-gnutls.so.4.7.0
7b956cb8a000-7b956cb8b000 rw-p 00000000 00:00 0 
7b956cb8b000-7b956cbac000 r--p 00000000 103:03 11542270                  /usr/lib/x86_64-linux-gnu/libkrb5.so.3.3
7b956cbac000-7b956cc09000 r-xp 00021000 103:03 11542270                  /usr/lib/x86_64-linux-gnu/libkrb5.so.3.3
7b956cc09000-7b956cc46000 r--p 0007e000 103:03 11542270                  /usr/lib/x86_64-linux-gnu/libkrb5.so.3.3
7b956cc46000-7b956cc47000 ---p 000bb000 103:03 11542270                  /usr/lib/x86_64-linux-gnu/libkrb5.so.3.3
7b956cc47000-7b956cc54000 r--p 000bb000 103:03 11542270                  /usr/lib/x86_64-linux-gnu/libkrb5.so.3.3
7b956cc54000-7b956cc56000 rw-p 000c8000 103:03 11542270                  /usr/lib/x86_64-linux-gnu/libkrb5.so.3.3
7b956cc56000-7b956cc67000 r--p 00000000 103:03 11554401                  /usr/lib/x86_64-linux-gnu/libunistring.so.2.2.0
7b956cc67000-7b956cc9d000 r-xp 00011000 103:03 11554401                  /usr/lib/x86_64-linux-gnu/libunistring.so.2.2.0
7b956cc9d000-7b956cdfb000 r--p 00047000 103:03 11554401                  /usr/lib/x86_64-linux-gnu/libunistring.so.2.2.0
7b956cdfb000-7b956cdff000 r--p 001a5000 103:03 11554401                  /usr/lib/x86_64-linux-gnu/libunistring.so.2.2.0
7b956cdff000-7b956ce00000 rw-p 001a9000 103:03 11554401                  /usr/lib/x86_64-linux-gnu/libunistring.so.2.2.0
7b956ce00000-7b956ce0a000 r-xp 00000000 103:03 117592772                 /home/frocha/.comsol/v60/configuration/comsol/org.eclipse.osgi/44/0/.cp/libswt-webkit-gtk-4944r26.so
7b956ce0a000-7b956d009000 ---p 0000a000 103:03 117592772                 /home/frocha/.comsol/v60/configuration/comsol/org.eclipse.osgi/44/0/.cp/libswt-webkit-gtk-4944r26.so
7b956d009000-7b956d00a000 r--p 00009000 103:03 117592772                 /home/frocha/.comsol/v60/configuration/comsol/org.eclipse.osgi/44/0/.cp/libswt-webkit-gtk-4944r26.so
7b956d00a000-7b956d00b000 rw-p 0000a000 103:03 117592772                 /home/frocha/.comsol/v60/configuration/comsol/org.eclipse.osgi/44/0/.cp/libswt-webkit-gtk-4944r26.so
7b956d015000-7b956d018000 r--p 00000000 103:03 11551208                  /usr/lib/x86_64-linux-gnu/liblber-2.5.so.0.1.13
7b956d018000-7b956d020000 r-xp 00003000 103:03 11551208                  /usr/lib/x86_64-linux-gnu/liblber-2.5.so.0.1.13
7b956d020000-7b956d023000 r--p 0000b000 103:03 11551208                  /usr/lib/x86_64-linux-gnu/liblber-2.5.so.0.1.13
7b956d023000-7b956d024000 ---p 0000e000 103:03 11551208                  /usr/lib/x86_64-linux-gnu/liblber-2.5.so.0.1.13
7b956d024000-7b956d025000 r--p 0000e000 103:03 11551208                  /usr/lib/x86_64-linux-gnu/liblber-2.5.so.0.1.13
7b956d025000-7b956d026000 rw-p 0000f000 103:03 11551208                  /usr/lib/x86_64-linux-gnu/liblber-2.5.so.0.1.13
7b956d026000-7b956d02b000 r--p 00000000 103:03 11538048                  /usr/lib/x86_64-linux-gnu/libnghttp2.so.14.20.1
7b956d02b000-7b956d040000 r-xp 00005000 103:03 11538048                  /usr/lib/x86_64-linux-gnu/libnghttp2.so.14.20.1
7b956d040000-7b956d04c000 r--p 0001a000 103:03 11538048                  /usr/lib/x86_64-linux-gnu/libnghttp2.so.14.20.1
7b956d04c000-7b956d04f000 r--p 00025000 103:03 11538048                  /usr/lib/x86_64-linux-gnu/libnghttp2.so.14.20.1
7b956d04f000-7b956d050000 rw-p 00028000 103:03 11538048                  /usr/lib/x86_64-linux-gnu/libnghttp2.so.14.20.1
7b956d050000-7b956d05b000 r--p 00000000 103:03 11542287                  /usr/lib/x86_64-linux-gnu/libgssapi_krb5.so.2.2
7b956d05b000-7b956d093000 r-xp 0000b000 103:03 11542287                  /usr/lib/x86_64-linux-gnu/libgssapi_krb5.so.2.2
7b956d093000-7b956d09f000 r--p 00043000 103:03 11542287                  /usr/lib/x86_64-linux-gnu/libgssapi_krb5.so.2.2
7b956d09f000-7b956d0a0000 ---p 0004f000 103:03 11542287                  /usr/lib/x86_64-linux-gnu/libgssapi_krb5.so.2.2
7b956d0a0000-7b956d0a2000 r--p 0004f000 103:03 11542287                  /usr/lib/x86_64-linux-gnu/libgssapi_krb5.so.2.2
7b956d0a2000-7b956d0a4000 rw-p 00051000 103:03 11542287                  /usr/lib/x86_64-linux-gnu/libgssapi_krb5.so.2.2
7b956d0a4000-7b956d0ae000 r--p 00000000 103:03 11538066                  /usr/lib/x86_64-linux-gnu/liborc-0.4.so.0.32.0
7b956d0ae000-7b956d102000 r-xp 0000a000 103:03 11538066                  /usr/lib/x86_64-linux-gnu/liborc-0.4.so.0.32.0
7b956d102000-7b956d123000 r--p 0005e000 103:03 11538066                  /usr/lib/x86_64-linux-gnu/liborc-0.4.so.0.32.0
7b956d123000-7b956d125000 r--p 0007e000 103:03 11538066                  /usr/lib/x86_64-linux-gnu/liborc-0.4.so.0.32.0
7b956d125000-7b956d129000 rw-p 00080000 103:03 11538066                  /usr/lib/x86_64-linux-gnu/liborc-0.4.so.0.32.0
7b956d129000-7b956d13c000 r--p 00000000 103:03 11553507                  /usr/lib/x86_64-linux-gnu/libdw-0.186.so
7b956d13c000-7b956d1a2000 r-xp 00013000 103:03 11553507                  /usr/lib/x86_64-linux-gnu/libdw-0.186.so
7b956d1a2000-7b956d1cc000 r--p 00079000 103:03 11553507                  /usr/lib/x86_64-linux-gnu/libdw-0.186.so
7b956d1cc000-7b956d1d4000 r--p 000a2000 103:03 11553507                  /usr/lib/x86_64-linux-gnu/libdw-0.186.so
7b956d1d4000-7b956d1d5000 rw-p 000aa000 103:03 11553507                  /usr/lib/x86_64-linux-gnu/libdw-0.186.so
7b956d1d5000-7b956d1e7000 r--p 00000000 103:03 11554260                  /usr/lib/x86_64-linux-gnu/libsecret-1.so.0.0.0
7b956d1e7000-7b956d21a000 r-xp 00012000 103:03 11554260                  /usr/lib/x86_64-linux-gnu/libsecret-1.so.0.0.0
7b956d21a000-7b956d231000 r--p 00045000 103:03 11554260                  /usr/lib/x86_64-linux-gnu/libsecret-1.so.0.0.0
7b956d231000-7b956d232000 ---p 0005c000 103:03 11554260                  /usr/lib/x86_64-linux-gnu/libsecret-1.so.0.0.0
7b956d232000-7b956d236000 r--p 0005c000 103:03 11554260                  /usr/lib/x86_64-linux-gnu/libsecret-1.so.0.0.0
7b956d236000-7b956d237000 rw-p 00060000 103:03 11554260                  /usr/lib/x86_64-linux-gnu/libsecret-1.so.0.0.0
7b956d237000-7b956d24a000 r--p 00000000 103:03 11553876                  /usr/lib/x86_64-linux-gnu/libsystemd.so.0.32.0
7b956d24a000-7b956d2c9000 r-xp 00013000 103:03 11553876                  /usr/lib/x86_64-linux-gnu/libsystemd.so.0.32.0
7b956d2c9000-7b956d2f4000 r--p 00092000 103:03 11553876                  /usr/lib/x86_64-linux-gnu/libsystemd.so.0.32.0
7b956d2f4000-7b956d2f5000 ---p 000bd000 103:03 11553876                  /usr/lib/x86_64-linux-gnu/libsystemd.so.0.32.0
7b956d2f5000-7b956d2fc000 r--p 000bd000 103:03 11553876                  /usr/lib/x86_64-linux-gnu/libsystemd.so.0.32.0
7b956d2fc000-7b956d2fd000 rw-p 000c4000 103:03 11553876                  /usr/lib/x86_64-linux-gnu/libsystemd.so.0.32.0
7b956d2fd000-7b956d2fe000 rw-p 00000000 00:00 0 
7b956d2fe000-7b956d2ff000 ---p 00000000 00:00 0 
7b956d2ff000-7b956d400000 rw-p 00000000 00:00 0 
7b956d400000-7b956d416000 r-xp 00000000 103:03 7609779                   /opt/comsol60/multiphysics/java/glnxa64/jre/lib/libnet.so
7b956d416000-7b956d615000 ---p 00016000 103:03 7609779                   /opt/comsol60/multiphysics/java/glnxa64/jre/lib/libnet.so
7b956d615000-7b956d616000 r--p 00015000 103:03 7609779                   /opt/comsol60/multiphysics/java/glnxa64/jre/lib/libnet.so
7b956d616000-7b956d617000 rw-p 00016000 103:03 7609779                   /opt/comsol60/multiphysics/java/glnxa64/jre/lib/libnet.so
7b956d61d000-7b956d620000 r--p 00000000 103:03 11554082                  /usr/lib/x86_64-linux-gnu/libopus.so.0.8.0
7b956d620000-7b956d666000 r-xp 00003000 103:03 11554082                  /usr/lib/x86_64-linux-gnu/libopus.so.0.8.0
7b956d666000-7b956d678000 r--p 00049000 103:03 11554082                  /usr/lib/x86_64-linux-gnu/libopus.so.0.8.0
7b956d678000-7b956d679000 ---p 0005b000 103:03 11554082                  /usr/lib/x86_64-linux-gnu/libopus.so.0.8.0
7b956d679000-7b956d67a000 r--p 0005b000 103:03 11554082                  /usr/lib/x86_64-linux-gnu/libopus.so.0.8.0
7b956d67a000-7b956d67b000 rw-p 0005c000 103:03 11554082                  /usr/lib/x86_64-linux-gnu/libopus.so.0.8.0
7b956d67b000-7b956d68d000 r--p 00000000 103:03 11536383                  /usr/lib/x86_64-linux-gnu/pulseaudio/libpulsecommon-15.99.so
7b956d68d000-7b956d6d6000 r-xp 00012000 103:03 11536383                  /usr/lib/x86_64-linux-gnu/pulseaudio/libpulsecommon-15.99.so
7b956d6d6000-7b956d6fd000 r--p 0005b000 103:03 11536383                  /usr/lib/x86_64-linux-gnu/pulseaudio/libpulsecommon-15.99.so
7b956d6fd000-7b956d6ff000 r--p 00081000 103:03 11536383                  /usr/lib/x86_64-linux-gnu/pulseaudio/libpulsecommon-15.99.so
7b956d6ff000-7b956d700000 rw-p 00083000 103:03 11536383                  /usr/lib/x86_64-linux-gnu/pulseaudio/libpulsecommon-15.99.so
7b956d70a000-7b956d70d000 r--p 00000000 103:03 11534925                  /usr/lib/x86_64-linux-gnu/libresolv.so.2
7b956d70d000-7b956d717000 r-xp 00003000 103:03 11534925                  /usr/lib/x86_64-linux-gnu/libresolv.so.2
7b956d717000-7b956d71a000 r--p 0000d000 103:03 11534925                  /usr/lib/x86_64-linux-gnu/libresolv.so.2
7b956d71a000-7b956d71b000 r--p 0000f000 103:03 11534925                  /usr/lib/x86_64-linux-gnu/libresolv.so.2
7b956d71b000-7b956d71c000 rw-p 00010000 103:03 11534925                  /usr/lib/x86_64-linux-gnu/libresolv.so.2
7b956d71c000-7b956d71e000 rw-p 00000000 00:00 0 
7b956d71e000-7b956d722000 r--p 00000000 103:03 11542271                  /usr/lib/x86_64-linux-gnu/libk5crypto.so.3.1
7b956d722000-7b956d73d000 r-xp 00004000 103:03 11542271                  /usr/lib/x86_64-linux-gnu/libk5crypto.so.3.1
7b956d73d000-7b956d749000 r--p 0001f000 103:03 11542271                  /usr/lib/x86_64-linux-gnu/libk5crypto.so.3.1
7b956d749000-7b956d74a000 ---p 0002b000 103:03 11542271                  /usr/lib/x86_64-linux-gnu/libk5crypto.so.3.1
7b956d74a000-7b956d74b000 r--p 0002b000 103:03 11542271                  /usr/lib/x86_64-linux-gnu/libk5crypto.so.3.1
7b956d74b000-7b956d74c000 rw-p 0002c000 103:03 11542271                  /usr/lib/x86_64-linux-gnu/libk5crypto.so.3.1
7b956d74c000-7b956d74d000 rw-p 00000000 00:00 0 
7b956d74d000-7b956d768000 r--p 00000000 103:03 11554293                  /usr/lib/x86_64-linux-gnu/libsoup-2.4.so.1.11.2
7b956d768000-7b956d7be000 r-xp 0001b000 103:03 11554293                  /usr/lib/x86_64-linux-gnu/libsoup-2.4.so.1.11.2
7b956d7be000-7b956d7e5000 r--p 00071000 103:03 11554293                  /usr/lib/x86_64-linux-gnu/libsoup-2.4.so.1.11.2
7b956d7e5000-7b956d7e9000 r--p 00097000 103:03 11554293                  /usr/lib/x86_64-linux-gnu/libsoup-2.4.so.1.11.2
7b956d7e9000-7b956d7ea000 rw-p 0009b000 103:03 11554293                  /usr/lib/x86_64-linux-gnu/libsoup-2.4.so.1.11.2
7b956d7ea000-7b956d804000 r--p 00000000 103:03 11543771                  /usr/lib/x86_64-linux-gnu/libgstvideo-1.0.so.0.2001.0
7b956d804000-7b956d873000 r-xp 0001a000 103:03 11543771                  /usr/lib/x86_64-linux-gnu/libgstvideo-1.0.so.0.2001.0
7b956d873000-7b956d8a0000 r--p 00089000 103:03 11543771                  /usr/lib/x86_64-linux-gnu/libgstvideo-1.0.so.0.2001.0
7b956d8a0000-7b956d8ad000 r--p 000b5000 103:03 11543771                  /usr/lib/x86_64-linux-gnu/libgstvideo-1.0.so.0.2001.0
7b956d8ad000-7b956d8af000 rw-p 000c2000 103:03 11543771                  /usr/lib/x86_64-linux-gnu/libgstvideo-1.0.so.0.2001.0
7b956d8af000-7b956d8de000 r--p 00000000 103:03 11552130                  /usr/lib/x86_64-linux-gnu/libgstreamer-1.0.so.0.2003.0
7b956d8de000-7b956d998000 r-xp 0002f000 103:03 11552130                  /usr/lib/x86_64-linux-gnu/libgstreamer-1.0.so.0.2003.0
7b956d998000-7b956d9f5000 r--p 000e9000 103:03 11552130                  /usr/lib/x86_64-linux-gnu/libgstreamer-1.0.so.0.2003.0
7b956d9f5000-7b956d9f6000 ---p 00146000 103:03 11552130                  /usr/lib/x86_64-linux-gnu/libgstreamer-1.0.so.0.2003.0
7b956d9f6000-7b956d9fc000 r--p 00146000 103:03 11552130                  /usr/lib/x86_64-linux-gnu/libgstreamer-1.0.so.0.2003.0
7b956d9fc000-7b956d9ff000 rw-p 0014c000 103:03 11552130                  /usr/lib/x86_64-linux-gnu/libgstreamer-1.0.so.0.2003.0
7b956d9ff000-7b956da00000 rw-p 00000000 00:00 0 
7b956da00000-7b956da10000 r-xp 00000000 103:03 7609780                   /opt/comsol60/multiphysics/java/glnxa64/jre/lib/libnio.so
7b956da10000-7b956dc0f000 ---p 00010000 103:03 7609780                   /opt/comsol60/multiphysics/java/glnxa64/jre/lib/libnio.so
7b956dc0f000-7b956dc10000 r--p 0000f000 103:03 7609780                   /opt/comsol60/multiphysics/java/glnxa64/jre/lib/libnio.so
7b956dc10000-7b956dc11000 rw-p 00010000 103:03 7609780                   /opt/comsol60/multiphysics/java/glnxa64/jre/lib/libnio.so
7b956dc11000-7b956dc14000 r--p 00000000 103:03 5905640                   /opt/MATLAB/R2023a/bin/glnxa64/libxcb-sync.so.1.0.0
7b956dc14000-7b956dc17000 r-xp 00003000 103:03 5905640                   /opt/MATLAB/R2023a/bin/glnxa64/libxcb-sync.so.1.0.0
7b956dc17000-7b956dc18000 r--p 00006000 103:03 5905640                   /opt/MATLAB/R2023a/bin/glnxa64/libxcb-sync.so.1.0.0
7b956dc18000-7b956dc19000 ---p 00007000 103:03 5905640                   /opt/MATLAB/R2023a/bin/glnxa64/libxcb-sync.so.1.0.0
7b956dc19000-7b956dc1a000 r--p 00007000 103:03 5905640                   /opt/MATLAB/R2023a/bin/glnxa64/libxcb-sync.so.1.0.0
7b956dc1a000-7b956dc1b000 rw-p 00008000 103:03 5905640                   /opt/MATLAB/R2023a/bin/glnxa64/libxcb-sync.so.1.0.0
7b956dc1b000-7b956dc1f000 r--p 00000000 103:03 11535475                  /usr/lib/x86_64-linux-gnu/libudev.so.1.7.2
7b956dc1f000-7b956dc39000 r-xp 00004000 103:03 11535475                  /usr/lib/x86_64-linux-gnu/libudev.so.1.7.2
7b956dc39000-7b956dc42000 r--p 0001e000 103:03 11535475                  /usr/lib/x86_64-linux-gnu/libudev.so.1.7.2
7b956dc42000-7b956dc43000 ---p 00027000 103:03 11535475                  /usr/lib/x86_64-linux-gnu/libudev.so.1.7.2
7b956dc43000-7b956dc44000 r--p 00027000 103:03 11535475                  /usr/lib/x86_64-linux-gnu/libudev.so.1.7.2
7b956dc44000-7b956dc45000 rw-p 00028000 103:03 11535475                  /usr/lib/x86_64-linux-gnu/libudev.so.1.7.2
7b956dc45000-7b956dcfe000 r--p 00000000 103:03 11667240                  /usr/share/fonts/truetype/dejavu/DejaVuSans.ttf
7b956dd00000-7b956dd02000 r--p 00000000 103:03 11553860                  /usr/lib/x86_64-linux-gnu/libidn2.so.0.3.7
7b956dd02000-7b956dd06000 r-xp 00002000 103:03 11553860                  /usr/lib/x86_64-linux-gnu/libidn2.so.0.3.7
7b956dd06000-7b956dd1f000 r--p 00006000 103:03 11553860                  /usr/lib/x86_64-linux-gnu/libidn2.so.0.3.7
7b956dd1f000-7b956dd20000 r--p 0001e000 103:03 11553860                  /usr/lib/x86_64-linux-gnu/libidn2.so.0.3.7
7b956dd20000-7b956dd21000 rw-p 0001f000 103:03 11553860                  /usr/lib/x86_64-linux-gnu/libidn2.so.0.3.7
7b956dd21000-7b956dd22000 r--p 00000000 103:03 11553347                  /usr/lib/x86_64-linux-gnu/libbrotlicommon.so.1.0.9
7b956dd22000-7b956dd23000 r-xp 00001000 103:03 11553347                  /usr/lib/x86_64-linux-gnu/libbrotlicommon.so.1.0.9
7b956dd23000-7b956dd42000 r--p 00002000 103:03 11553347                  /usr/lib/x86_64-linux-gnu/libbrotlicommon.so.1.0.9
7b956dd42000-7b956dd43000 r--p 00020000 103:03 11553347                  /usr/lib/x86_64-linux-gnu/libbrotlicommon.so.1.0.9
7b956dd43000-7b956dd44000 rw-p 00021000 103:03 11553347                  /usr/lib/x86_64-linux-gnu/libbrotlicommon.so.1.0.9
7b956dd44000-7b956dd46000 r--p 00000000 103:03 11553594                  /usr/lib/x86_64-linux-gnu/libwebp.so.7.1.3
7b956dd46000-7b956dd9c000 r-xp 00002000 103:03 11553594                  /usr/lib/x86_64-linux-gnu/libwebp.so.7.1.3
7b956dd9c000-7b956ddad000 r--p 00058000 103:03 11553594                  /usr/lib/x86_64-linux-gnu/libwebp.so.7.1.3
7b956ddad000-7b956ddae000 r--p 00068000 103:03 11553594                  /usr/lib/x86_64-linux-gnu/libwebp.so.7.1.3
7b956ddae000-7b956ddaf000 rw-p 00069000 103:03 11553594                  /usr/lib/x86_64-linux-gnu/libwebp.so.7.1.3
7b956ddaf000-7b956ddb1000 rw-p 00000000 00:00 0 
7b956ddb1000-7b956ddcf000 r--p 00000000 103:03 11553602                  /usr/lib/x86_64-linux-gnu/libsqlite3.so.0.8.6
7b956ddcf000-7b956debb000 r-xp 0001e000 103:03 11553602                  /usr/lib/x86_64-linux-gnu/libsqlite3.so.0.8.6
7b956debb000-7b956def6000 r--p 0010a000 103:03 11553602                  /usr/lib/x86_64-linux-gnu/libsqlite3.so.0.8.6
7b956def6000-7b956defa000 r--p 00144000 103:03 11553602                  /usr/lib/x86_64-linux-gnu/libsqlite3.so.0.8.6
7b956defa000-7b956defe000 rw-p 00148000 103:03 11553602                  /usr/lib/x86_64-linux-gnu/libsqlite3.so.0.8.6
7b956defe000-7b956deff000 ---p 00000000 00:00 0 
7b956deff000-7b956e000000 rw-p 00000000 00:00 0 
7b956e000000-7b9570000000 rw-p 00000000 00:00 0 
7b9570000000-7b9570021000 rw-p 00000000 00:00 0 
7b9570021000-7b9574000000 ---p 00000000 00:00 0 
7b9574004000-7b9574007000 r--p 00000000 103:03 11553533                  /usr/lib/x86_64-linux-gnu/libelf-0.186.so
7b9574007000-7b957401b000 r-xp 00003000 103:03 11553533                  /usr/lib/x86_64-linux-gnu/libelf-0.186.so
7b957401b000-7b957401f000 r--p 00017000 103:03 11553533                  /usr/lib/x86_64-linux-gnu/libelf-0.186.so
7b957401f000-7b9574020000 ---p 0001b000 103:03 11553533                  /usr/lib/x86_64-linux-gnu/libelf-0.186.so
7b9574020000-7b9574021000 r--p 0001b000 103:03 11553533                  /usr/lib/x86_64-linux-gnu/libelf-0.186.so
7b9574021000-7b9574022000 rw-p 0001c000 103:03 11553533                  /usr/lib/x86_64-linux-gnu/libelf-0.186.so
7b9574022000-7b9574029000 r--p 00000000 103:03 5905648                   /opt/MATLAB/R2023a/bin/glnxa64/libxcb-randr.so.0.1.0
7b9574029000-7b957402e000 r-xp 00007000 103:03 5905648                   /opt/MATLAB/R2023a/bin/glnxa64/libxcb-randr.so.0.1.0
7b957402e000-7b9574031000 r--p 0000c000 103:03 5905648                   /opt/MATLAB/R2023a/bin/glnxa64/libxcb-randr.so.0.1.0
7b9574031000-7b9574032000 ---p 0000f000 103:03 5905648                   /opt/MATLAB/R2023a/bin/glnxa64/libxcb-randr.so.0.1.0
7b9574032000-7b9574033000 r--p 0000f000 103:03 5905648                   /opt/MATLAB/R2023a/bin/glnxa64/libxcb-randr.so.0.1.0
7b9574033000-7b9574034000 rw-p 00010000 103:03 5905648                   /opt/MATLAB/R2023a/bin/glnxa64/libxcb-randr.so.0.1.0
7b9574034000-7b957403f000 r--p 00000000 103:03 11553544                  /usr/lib/x86_64-linux-gnu/libevdev.so.2.3.0
7b957403f000-7b9574045000 r-xp 0000b000 103:03 11553544                  /usr/lib/x86_64-linux-gnu/libevdev.so.2.3.0
7b9574045000-7b957404a000 r--p 00011000 103:03 11553544                  /usr/lib/x86_64-linux-gnu/libevdev.so.2.3.0
7b957404a000-7b9574050000 r--p 00015000 103:03 11553544                  /usr/lib/x86_64-linux-gnu/libevdev.so.2.3.0
7b9574050000-7b9574051000 rw-p 0001b000 103:03 11553544                  /usr/lib/x86_64-linux-gnu/libevdev.so.2.3.0
7b9574051000-7b95740fe000 r--p 00000000 103:03 11667239                  /usr/share/fonts/truetype/dejavu/DejaVuSans-Bold.ttf
7b95740fe000-7b95740ff000 ---p 00000000 00:00 0 
7b95740ff000-7b9574200000 rw-p 00000000 00:00 0 
7b9574200000-7b9574400000 rw-p 00000000 00:00 0 
7b9574400000-7b9574404000 ---p 00000000 00:00 0 
7b9574404000-7b9574800000 rw-p 00000000 00:00 0 
7b9574800000-7b9574804000 ---p 00000000 00:00 0 
7b9574804000-7b9574c00000 rw-p 00000000 00:00 0 
7b9574c00000-7b9574c04000 ---p 00000000 00:00 0 
7b9574c04000-7b9575000000 rw-p 00000000 00:00 0 
7b9575000000-7b9575004000 ---p 00000000 00:00 0 
7b9575004000-7b9575400000 rw-p 00000000 00:00 0 
7b9575400000-7b9575404000 ---p 00000000 00:00 0 
7b9575404000-7b9575800000 rw-p 00000000 00:00 0 
7b9575800000-7b9576368000 rw-p 00000000 00:00 0 
7b9576368000-7b9578000000 ---p 00000000 00:00 0 
7b9578000000-7b9578021000 rw-p 00000000 00:00 0 
7b9578021000-7b957c000000 ---p 00000000 00:00 0 
7b957c002000-7b957c005000 r--p 00000000 103:03 11535163                  /usr/lib/x86_64-linux-gnu/libkrb5support.so.0.1
7b957c005000-7b957c00b000 r-xp 00003000 103:03 11535163                  /usr/lib/x86_64-linux-gnu/libkrb5support.so.0.1
7b957c00b000-7b957c00d000 r--p 00009000 103:03 11535163                  /usr/lib/x86_64-linux-gnu/libkrb5support.so.0.1
7b957c00d000-7b957c00e000 ---p 0000b000 103:03 11535163                  /usr/lib/x86_64-linux-gnu/libkrb5support.so.0.1
7b957c00e000-7b957c00f000 r--p 0000b000 103:03 11535163                  /usr/lib/x86_64-linux-gnu/libkrb5support.so.0.1
7b957c00f000-7b957c010000 rw-p 0000c000 103:03 11535163                  /usr/lib/x86_64-linux-gnu/libkrb5support.so.0.1
7b957c010000-7b957c012000 r--p 00000000 103:03 11554189                  /usr/lib/x86_64-linux-gnu/libpsl.so.5.3.2
7b957c012000-7b957c014000 r-xp 00002000 103:03 11554189                  /usr/lib/x86_64-linux-gnu/libpsl.so.5.3.2
7b957c014000-7b957c022000 r--p 00004000 103:03 11554189                  /usr/lib/x86_64-linux-gnu/libpsl.so.5.3.2
7b957c022000-7b957c023000 r--p 00011000 103:03 11554189                  /usr/lib/x86_64-linux-gnu/libpsl.so.5.3.2
7b957c023000-7b957c024000 rw-p 00012000 103:03 11554189                  /usr/lib/x86_64-linux-gnu/libpsl.so.5.3.2
7b957c024000-7b957c028000 r--p 00000000 103:03 11553795                  /usr/lib/x86_64-linux-gnu/libgudev-1.0.so.0.3.0
7b957c028000-7b957c02d000 r-xp 00004000 103:03 11553795                  /usr/lib/x86_64-linux-gnu/libgudev-1.0.so.0.3.0
7b957c02d000-7b957c030000 r--p 00009000 103:03 11553795                  /usr/lib/x86_64-linux-gnu/libgudev-1.0.so.0.3.0
7b957c030000-7b957c031000 r--p 0000b000 103:03 11553795                  /usr/lib/x86_64-linux-gnu/libgudev-1.0.so.0.3.0
7b957c031000-7b957c032000 rw-p 0000c000 103:03 11553795                  /usr/lib/x86_64-linux-gnu/libgudev-1.0.so.0.3.0
7b957c032000-7b957c035000 r--p 00000000 103:03 11553031                  /usr/lib/x86_64-linux-gnu/libEGL.so.1.1.0
7b957c035000-7b957c03f000 r-xp 00003000 103:03 11553031                  /usr/lib/x86_64-linux-gnu/libEGL.so.1.1.0
7b957c03f000-7b957c043000 r--p 0000d000 103:03 11553031                  /usr/lib/x86_64-linux-gnu/libEGL.so.1.1.0
7b957c043000-7b957c044000 r--p 00010000 103:03 11553031                  /usr/lib/x86_64-linux-gnu/libEGL.so.1.1.0
7b957c044000-7b957c045000 rw-p 00011000 103:03 11553031                  /usr/lib/x86_64-linux-gnu/libEGL.so.1.1.0
7b957c045000-7b957c0fe000 r--p 00000000 103:03 11667240                  /usr/share/fonts/truetype/dejavu/DejaVuSans.ttf
7b957c0fe000-7b957c0ff000 ---p 00000000 00:00 0 
7b957c0ff000-7b957c200000 rw-p 00000000 00:00 0 
7b957c205000-7b957c26b000 r--p 00000000 103:03 11553856                  /usr/lib/x86_64-linux-gnu/libicuuc.so.70.1
7b957c26b000-7b957c35e000 r-xp 00066000 103:03 11553856                  /usr/lib/x86_64-linux-gnu/libicuuc.so.70.1
7b957c35e000-7b957c3ea000 r--p 00159000 103:03 11553856                  /usr/lib/x86_64-linux-gnu/libicuuc.so.70.1
7b957c3ea000-7b957c3fd000 r--p 001e4000 103:03 11553856                  /usr/lib/x86_64-linux-gnu/libicuuc.so.70.1
7b957c3fd000-7b957c3fe000 rw-p 001f7000 103:03 11553856                  /usr/lib/x86_64-linux-gnu/libicuuc.so.70.1
7b957c3fe000-7b957c400000 rw-p 00000000 00:00 0 
7b957c400000-7b957c404000 ---p 00000000 00:00 0 
7b957c404000-7b957c800000 rw-p 00000000 00:00 0 
7b957c800000-7b957cb68000 rw-p 00000000 00:00 0 
7b957cb68000-7b957e800000 ---p 00000000 00:00 0 
7b957e800000-7b957ec00000 rwxp 00000000 00:00 0 
7b957ec00000-7b957efce000 ---p 00000000 00:00 0 
7b957efce000-7b9580d9e000 rwxp 00000000 00:00 0 
7b9580d9e000-7b95863e7000 ---p 00000000 00:00 0 
7b95863e7000-7b9586c97000 rwxp 00000000 00:00 0 
7b9586c97000-7b958d800000 ---p 00000000 00:00 0 
7b958d800000-7b958fe7f000 r--s 00000000 103:03 7609841                   /opt/comsol60/multiphysics/java/glnxa64/jre/lib/modules
7b958fe81000-7b958fe88000 r--p 00000000 103:03 11552074                  /usr/lib/x86_64-linux-gnu/libsndfile.so.1.0.31
7b958fe88000-7b958fede000 r-xp 00007000 103:03 11552074                  /usr/lib/x86_64-linux-gnu/libsndfile.so.1.0.31
7b958fede000-7b958fefa000 r--p 0005d000 103:03 11552074                  /usr/lib/x86_64-linux-gnu/libsndfile.so.1.0.31
7b958fefa000-7b958fefd000 r--p 00078000 103:03 11552074                  /usr/lib/x86_64-linux-gnu/libsndfile.so.1.0.31
7b958fefd000-7b958fefe000 rw-p 0007b000 103:03 11552074                  /usr/lib/x86_64-linux-gnu/libsndfile.so.1.0.31
7b958fefe000-7b958ff00000 rw-p 00000000 00:00 0 
7b958ff03000-7b958ff04000 r--p 00000000 103:03 11554553                  /usr/lib/x86_64-linux-gnu/libxshmfence.so.1.0.0
7b958ff04000-7b958ff05000 r-xp 00001000 103:03 11554553                  /usr/lib/x86_64-linux-gnu/libxshmfence.so.1.0.0
7b958ff05000-7b958ff06000 r--p 00002000 103:03 11554553                  /usr/lib/x86_64-linux-gnu/libxshmfence.so.1.0.0
7b958ff06000-7b958ff07000 r--p 00002000 103:03 11554553                  /usr/lib/x86_64-linux-gnu/libxshmfence.so.1.0.0
7b958ff07000-7b958ff08000 rw-p 00003000 103:03 11554553                  /usr/lib/x86_64-linux-gnu/libxshmfence.so.1.0.0
7b958ff08000-7b958ff1b000 r-xp 00000000 103:03 5901829                   /opt/MATLAB/R2023a/bin/glnxa64/libunwind.so.8.0.1
7b958ff1b000-7b958ff1c000 ---p 00013000 103:03 5901829                   /opt/MATLAB/R2023a/bin/glnxa64/libunwind.so.8.0.1
7b958ff1c000-7b958ff1d000 r--p 00013000 103:03 5901829                   /opt/MATLAB/R2023a/bin/glnxa64/libunwind.so.8.0.1
7b958ff1d000-7b958ff1e000 rw-p 00014000 103:03 5901829                   /opt/MATLAB/R2023a/bin/glnxa64/libunwind.so.8.0.1
7b958ff1e000-7b958ff28000 rw-p 00000000 00:00 0 
7b958ff28000-7b958ff29000 r--p 00000000 103:03 11553349                  /usr/lib/x86_64-linux-gnu/libbrotlidec.so.1.0.9
7b958ff29000-7b958ff31000 r-xp 00001000 103:03 11553349                  /usr/lib/x86_64-linux-gnu/libbrotlidec.so.1.0.9
7b958ff31000-7b958ff34000 r--p 00009000 103:03 11553349                  /usr/lib/x86_64-linux-gnu/libbrotlidec.so.1.0.9
7b958ff34000-7b958ff35000 r--p 0000b000 103:03 11553349                  /usr/lib/x86_64-linux-gnu/libbrotlidec.so.1.0.9
7b958ff35000-7b958ff36000 rw-p 0000c000 103:03 11553349                  /usr/lib/x86_64-linux-gnu/libbrotlidec.so.1.0.9
7b958ff36000-7b958ff4d000 r--p 00000000 103:03 11543815                  /usr/lib/x86_64-linux-gnu/libgstgl-1.0.so.0.2001.0
7b958ff4d000-7b958ff92000 r-xp 00017000 103:03 11543815                  /usr/lib/x86_64-linux-gnu/libgstgl-1.0.so.0.2001.0
7b958ff92000-7b958ffb7000 r--p 0005c000 103:03 11543815                  /usr/lib/x86_64-linux-gnu/libgstgl-1.0.so.0.2001.0
7b958ffb7000-7b958ffb8000 ---p 00081000 103:03 11543815                  /usr/lib/x86_64-linux-gnu/libgstgl-1.0.so.0.2001.0
7b958ffb8000-7b958ffbc000 r--p 00081000 103:03 11543815                  /usr/lib/x86_64-linux-gnu/libgstgl-1.0.so.0.2001.0
7b958ffbc000-7b958ffbe000 rw-p 00085000 103:03 11543815                  /usr/lib/x86_64-linux-gnu/libgstgl-1.0.so.0.2001.0
7b958ffbe000-7b958ffc8000 r--p 00000000 103:03 11543770                  /usr/lib/x86_64-linux-gnu/libgsttag-1.0.so.0.2001.0
7b958ffc8000-7b958ffea000 r-xp 0000a000 103:03 11543770                  /usr/lib/x86_64-linux-gnu/libgsttag-1.0.so.0.2001.0
7b958ffea000-7b958fffd000 r--p 0002c000 103:03 11543770                  /usr/lib/x86_64-linux-gnu/libgsttag-1.0.so.0.2001.0
7b958fffd000-7b958ffff000 r--p 0003e000 103:03 11543770                  /usr/lib/x86_64-linux-gnu/libgsttag-1.0.so.0.2001.0
7b958ffff000-7b9590000000 rw-p 00040000 103:03 11543770                  /usr/lib/x86_64-linux-gnu/libgsttag-1.0.so.0.2001.0
7b9590000000-7b9590062000 rw-p 00000000 00:00 0 
7b9590062000-7b9594000000 ---p 00000000 00:00 0 
7b9594002000-7b9594004000 r--p 00000000 103:03 11554501                  /usr/lib/x86_64-linux-gnu/libxcb-dri3.so.0.0.0
7b9594004000-7b9594006000 r-xp 00002000 103:03 11554501                  /usr/lib/x86_64-linux-gnu/libxcb-dri3.so.0.0.0
7b9594006000-7b9594007000 r--p 00004000 103:03 11554501                  /usr/lib/x86_64-linux-gnu/libxcb-dri3.so.0.0.0
7b9594007000-7b9594008000 r--p 00004000 103:03 11554501                  /usr/lib/x86_64-linux-gnu/libxcb-dri3.so.0.0.0
7b9594008000-7b9594009000 rw-p 00005000 103:03 11554501                  /usr/lib/x86_64-linux-gnu/libxcb-dri3.so.0.0.0
7b9594009000-7b959400c000 r--p 00000000 103:03 11543669                  /usr/lib/x86_64-linux-gnu/libgbm.so.1.0.0
7b959400c000-7b9594014000 r-xp 00003000 103:03 11543669                  /usr/lib/x86_64-linux-gnu/libgbm.so.1.0.0
7b9594014000-7b9594018000 r--p 0000b000 103:03 11543669                  /usr/lib/x86_64-linux-gnu/libgbm.so.1.0.0
7b9594018000-7b9594019000 r--p 0000e000 103:03 11543669                  /usr/lib/x86_64-linux-gnu/libgbm.so.1.0.0
7b9594019000-7b959401a000 rw-p 0000f000 103:03 11543669                  /usr/lib/x86_64-linux-gnu/libgbm.so.1.0.0
7b959401a000-7b959401c000 r--p 00000000 103:03 11554258                  /usr/lib/x86_64-linux-gnu/libseccomp.so.2.5.3
7b959401c000-7b959402a000 r-xp 00002000 103:03 11554258                  /usr/lib/x86_64-linux-gnu/libseccomp.so.2.5.3
7b959402a000-7b9594037000 r--p 00010000 103:03 11554258                  /usr/lib/x86_64-linux-gnu/libseccomp.so.2.5.3
7b9594037000-7b9594038000 ---p 0001d000 103:03 11554258                  /usr/lib/x86_64-linux-gnu/libseccomp.so.2.5.3
7b9594038000-7b9594039000 r--p 0001d000 103:03 11554258                  /usr/lib/x86_64-linux-gnu/libseccomp.so.2.5.3
7b9594039000-7b959403a000 rw-p 0001e000 103:03 11554258                  /usr/lib/x86_64-linux-gnu/libseccomp.so.2.5.3
7b959403a000-7b95940e7000 r--p 00000000 103:03 11667239                  /usr/share/fonts/truetype/dejavu/DejaVuSans-Bold.ttf
7b95940e8000-7b95940ea000 r--p 00000000 103:03 11553471                  /usr/lib/x86_64-linux-gnu/libdebuginfod-0.186.so
7b95940ea000-7b95940ee000 r-xp 00002000 103:03 11553471                  /usr/lib/x86_64-linux-gnu/libdebuginfod-0.186.so
7b95940ee000-7b95940ef000 r--p 00006000 103:03 11553471                  /usr/lib/x86_64-linux-gnu/libdebuginfod-0.186.so
7b95940ef000-7b95940f0000 r--p 00006000 103:03 11553471                  /usr/lib/x86_64-linux-gnu/libdebuginfod-0.186.so
7b95940f0000-7b95940f1000 rw-p 00007000 103:03 11553471                  /usr/lib/x86_64-linux-gnu/libdebuginfod-0.186.so
7b95940f1000-7b95940f5000 r--p 00000000 103:03 11553954                  /usr/lib/x86_64-linux-gnu/libmanette-0.2.so.0
7b95940f5000-7b95940fb000 r-xp 00004000 103:03 11553954                  /usr/lib/x86_64-linux-gnu/libmanette-0.2.so.0
7b95940fb000-7b959411f000 r--p 0000a000 103:03 11553954                  /usr/lib/x86_64-linux-gnu/libmanette-0.2.so.0
7b959411f000-7b9594120000 r--p 0002d000 103:03 11553954                  /usr/lib/x86_64-linux-gnu/libmanette-0.2.so.0
7b9594120000-7b9594121000 rw-p 0002e000 103:03 11553954                  /usr/lib/x86_64-linux-gnu/libmanette-0.2.so.0
7b9594121000-7b9594131000 r--p 00000000 103:03 11543763                  /usr/lib/x86_64-linux-gnu/libgstaudio-1.0.so.0.2001.0
7b9594131000-7b959417e000 r-xp 00010000 103:03 11543763                  /usr/lib/x86_64-linux-gnu/libgstaudio-1.0.so.0.2001.0
7b959417e000-7b959419d000 r--p 0005d000 103:03 11543763                  /usr/lib/x86_64-linux-gnu/libgstaudio-1.0.so.0.2001.0
7b959419d000-7b959419e000 ---p 0007c000 103:03 11543763                  /usr/lib/x86_64-linux-gnu/libgstaudio-1.0.so.0.2001.0
7b959419e000-7b95941a1000 r--p 0007c000 103:03 11543763                  /usr/lib/x86_64-linux-gnu/libgstaudio-1.0.so.0.2001.0
7b95941a1000-7b95941a2000 rw-p 0007f000 103:03 11543763                  /usr/lib/x86_64-linux-gnu/libgstaudio-1.0.so.0.2001.0
7b95941a2000-7b95941a3000 rw-p 00000000 00:00 0 
7b95941a3000-7b95941b2000 r--p 00000000 103:03 11543765                  /usr/lib/x86_64-linux-gnu/libgstpbutils-1.0.so.0.2001.0
7b95941b2000-7b95941d2000 r-xp 0000f000 103:03 11543765                  /usr/lib/x86_64-linux-gnu/libgstpbutils-1.0.so.0.2001.0
7b95941d2000-7b95941e2000 r--p 0002f000 103:03 11543765                  /usr/lib/x86_64-linux-gnu/libgstpbutils-1.0.so.0.2001.0
7b95941e2000-7b95941e5000 r--p 0003e000 103:03 11543765                  /usr/lib/x86_64-linux-gnu/libgstpbutils-1.0.so.0.2001.0
7b95941e5000-7b95941e6000 rw-p 00041000 103:03 11543765                  /usr/lib/x86_64-linux-gnu/libgstpbutils-1.0.so.0.2001.0
7b95941e6000-7b95941e7000 rw-p 00000000 00:00 0 
7b95941e7000-7b95941e8000 ---p 00000000 00:00 0 
7b95941e8000-7b95942e9000 rw-p 00000000 00:00 0 
7b95942ec000-7b95942f3000 r--p 00000000 103:03 11552711                  /usr/lib/x86_64-linux-gnu/libwayland-server.so.0.20.0
7b95942f3000-7b95942fb000 r-xp 00007000 103:03 11552711                  /usr/lib/x86_64-linux-gnu/libwayland-server.so.0.20.0
7b95942fb000-7b95942ff000 r--p 0000f000 103:03 11552711                  /usr/lib/x86_64-linux-gnu/libwayland-server.so.0.20.0
7b95942ff000-7b9594301000 r--p 00012000 103:03 11552711                  /usr/lib/x86_64-linux-gnu/libwayland-server.so.0.20.0
7b9594301000-7b9594302000 rw-p 00014000 103:03 11552711                  /usr/lib/x86_64-linux-gnu/libwayland-server.so.0.20.0
7b9594302000-7b9594310000 r--p 00000000 103:03 11552125                  /usr/lib/x86_64-linux-gnu/libgstbase-1.0.so.0.2003.0
7b9594310000-7b9594364000 r-xp 0000e000 103:03 11552125                  /usr/lib/x86_64-linux-gnu/libgstbase-1.0.so.0.2003.0
7b9594364000-7b9594385000 r--p 00062000 103:03 11552125                  /usr/lib/x86_64-linux-gnu/libgstbase-1.0.so.0.2003.0
7b9594385000-7b9594386000 r--p 00082000 103:03 11552125                  /usr/lib/x86_64-linux-gnu/libgstbase-1.0.so.0.2003.0
7b9594386000-7b9594387000 rw-p 00083000 103:03 11552125                  /usr/lib/x86_64-linux-gnu/libgstbase-1.0.so.0.2003.0
7b9594387000-7b9594391000 r--p 00000000 103:03 11553931                  /usr/lib/x86_64-linux-gnu/liblcms2.so.2.0.12
7b9594391000-7b95943cd000 r-xp 0000a000 103:03 11553931                  /usr/lib/x86_64-linux-gnu/liblcms2.so.2.0.12
7b95943cd000-7b95943e1000 r--p 00046000 103:03 11553931                  /usr/lib/x86_64-linux-gnu/liblcms2.so.2.0.12
7b95943e1000-7b95943e2000 ---p 0005a000 103:03 11553931                  /usr/lib/x86_64-linux-gnu/liblcms2.so.2.0.12
7b95943e2000-7b95943e4000 r--p 0005a000 103:03 11553931                  /usr/lib/x86_64-linux-gnu/liblcms2.so.2.0.12
7b95943e4000-7b95943e7000 rw-p 0005c000 103:03 11553931                  /usr/lib/x86_64-linux-gnu/liblcms2.so.2.0.12
7b95943e7000-7b95943e9000 rw-p 00000000 00:00 0 
7b95943e9000-7b95943ed000 ---p 00000000 00:00 0 
7b95943ed000-7b95944e9000 rw-p 00000000 00:00 0 
7b95944e9000-7b95944ed000 ---p 00000000 00:00 0 
7b95944ed000-7b95945e9000 rw-p 00000000 00:00 0 
7b95945e9000-7b95945ea000 ---p 00000000 00:00 0 
7b95945ea000-7b95946eb000 rw-p 00000000 00:00 0 
7b95946eb000-7b95946ec000 ---p 00000000 00:00 0 
7b95946ec000-7b95947ed000 rw-p 00000000 00:00 0 
7b95947ed000-7b95947ee000 ---p 00000000 00:00 0 
7b95947ee000-7b95948ef000 rw-p 00000000 00:00 0 
7b95948ef000-7b9595a6d000 rw-p 00000000 00:00 0 
7b9595a6d000-7b9595e00000 ---p 00000000 00:00 0 
7b9595e00000-7b9595e6d000 rw-p 00000000 00:00 0 
7b9595e6d000-7b9596200000 ---p 00000000 00:00 0 
7b9596200000-7b9596207000 r-xp 00000000 103:03 7609788                   /opt/comsol60/multiphysics/java/glnxa64/jre/lib/libzip.so
7b9596207000-7b9596406000 ---p 00007000 103:03 7609788                   /opt/comsol60/multiphysics/java/glnxa64/jre/lib/libzip.so
7b9596406000-7b9596407000 r--p 00006000 103:03 7609788                   /opt/comsol60/multiphysics/java/glnxa64/jre/lib/libzip.so
7b9596407000-7b9596408000 rw-p 00007000 103:03 7609788                   /opt/comsol60/multiphysics/java/glnxa64/jre/lib/libzip.so
7b9596408000-7b959640b000 r--p 00000000 103:03 11554338                  /usr/lib/x86_64-linux-gnu/libtasn1.so.6.6.2
7b959640b000-7b9596419000 r-xp 00003000 103:03 11554338                  /usr/lib/x86_64-linux-gnu/libtasn1.so.6.6.2
7b9596419000-7b959641d000 r--p 00011000 103:03 11554338                  /usr/lib/x86_64-linux-gnu/libtasn1.so.6.6.2
7b959641d000-7b959641e000 ---p 00015000 103:03 11554338                  /usr/lib/x86_64-linux-gnu/libtasn1.so.6.6.2
7b959641e000-7b959641f000 r--p 00015000 103:03 11554338                  /usr/lib/x86_64-linux-gnu/libtasn1.so.6.6.2
7b959641f000-7b9596420000 rw-p 00016000 103:03 11554338                  /usr/lib/x86_64-linux-gnu/libtasn1.so.6.6.2
7b9596420000-7b9596424000 r--p 00000000 103:03 11553716                  /usr/lib/x86_64-linux-gnu/libgpg-error.so.0.32.1
7b9596424000-7b959643a000 r-xp 00004000 103:03 11553716                  /usr/lib/x86_64-linux-gnu/libgpg-error.so.0.32.1
7b959643a000-7b9596444000 r--p 0001a000 103:03 11553716                  /usr/lib/x86_64-linux-gnu/libgpg-error.so.0.32.1
7b9596444000-7b9596445000 r--p 00023000 103:03 11553716                  /usr/lib/x86_64-linux-gnu/libgpg-error.so.0.32.1
7b9596445000-7b9596446000 rw-p 00024000 103:03 11553716                  /usr/lib/x86_64-linux-gnu/libgpg-error.so.0.32.1
7b9596446000-7b959649e000 r--p 00000000 103:03 11667495                  /usr/share/fonts/truetype/ubuntu/Ubuntu-BI.ttf
7b959649e000-7b95964fd000 r--p 00000000 103:03 11667502                  /usr/share/fonts/truetype/ubuntu/Ubuntu-RI.ttf
7b95964fd000-7b9596800000 rw-p 00000000 00:00 0 
7b9596800000-7b9597a6e000 r-xp 00000000 103:03 7609773                   /opt/comsol60/multiphysics/java/glnxa64/jre/lib/server/libjvm.so
7b9597a6e000-7b9597c6e000 ---p 0126e000 103:03 7609773                   /opt/comsol60/multiphysics/java/glnxa64/jre/lib/server/libjvm.so
7b9597c6e000-7b9597d33000 r--p 0126e000 103:03 7609773                   /opt/comsol60/multiphysics/java/glnxa64/jre/lib/server/libjvm.so
7b9597d33000-7b9597d6e000 rw-p 01333000 103:03 7609773                   /opt/comsol60/multiphysics/java/glnxa64/jre/lib/server/libjvm.so
7b9597d6e000-7b9597dc5000 rw-p 00000000 00:00 0 
7b9597dc5000-7b9597dc8000 r--p 00000000 103:03 11553536                  /usr/lib/x86_64-linux-gnu/libenchant-2.so.2.3.2
7b9597dc8000-7b9597dce000 r-xp 00003000 103:03 11553536                  /usr/lib/x86_64-linux-gnu/libenchant-2.so.2.3.2
7b9597dce000-7b9597dd1000 r--p 00009000 103:03 11553536                  /usr/lib/x86_64-linux-gnu/libenchant-2.so.2.3.2
7b9597dd1000-7b9597dd2000 r--p 0000c000 103:03 11553536                  /usr/lib/x86_64-linux-gnu/libenchant-2.so.2.3.2
7b9597dd2000-7b9597dd3000 rw-p 0000d000 103:03 11553536                  /usr/lib/x86_64-linux-gnu/libenchant-2.so.2.3.2
7b9597dd3000-7b9597dd6000 r--p 00000000 103:03 11553948                  /usr/lib/x86_64-linux-gnu/liblzma.so.5.2.5
7b9597dd6000-7b9597df1000 r-xp 00003000 103:03 11553948                  /usr/lib/x86_64-linux-gnu/liblzma.so.5.2.5
7b9597df1000-7b9597dfc000 r--p 0001e000 103:03 11553948                  /usr/lib/x86_64-linux-gnu/liblzma.so.5.2.5
7b9597dfc000-7b9597dfd000 r--p 00028000 103:03 11553948                  /usr/lib/x86_64-linux-gnu/liblzma.so.5.2.5
7b9597dfd000-7b9597dfe000 rw-p 00029000 103:03 11553948                  /usr/lib/x86_64-linux-gnu/liblzma.so.5.2.5
7b9597dfe000-7b9598000000 rw-p 00000000 00:00 0 
7b9598000000-7b9598021000 rw-p 00000000 00:00 0 
7b9598021000-7b959c000000 ---p 00000000 00:00 0 
7b959c000000-7b959c00c000 r--p 00000000 103:03 11536381                  /usr/lib/x86_64-linux-gnu/libpulse.so.0.24.1
7b959c00c000-7b959c03c000 r-xp 0000c000 103:03 11536381                  /usr/lib/x86_64-linux-gnu/libpulse.so.0.24.1
7b959c03c000-7b959c052000 r--p 0003c000 103:03 11536381                  /usr/lib/x86_64-linux-gnu/libpulse.so.0.24.1
7b959c052000-7b959c054000 r--p 00051000 103:03 11536381                  /usr/lib/x86_64-linux-gnu/libpulse.so.0.24.1
7b959c054000-7b959c055000 rw-p 00053000 103:03 11536381                  /usr/lib/x86_64-linux-gnu/libpulse.so.0.24.1
7b959c055000-7b959c0a7000 r--p 00000000 103:03 11667494                  /usr/share/fonts/truetype/ubuntu/Ubuntu-B.ttf
7b959c0a7000-7b959c0ff000 r--p 00000000 103:03 11667495                  /usr/share/fonts/truetype/ubuntu/Ubuntu-BI.ttf
7b959c0ff000-7b959c26d000 rw-p 00000000 00:00 0 
7b959c26d000-7b959c600000 ---p 00000000 00:00 0 
7b959c600000-7b959c61b000 r-xp 00000000 103:03 7609766                   /opt/comsol60/multiphysics/java/glnxa64/jre/lib/libjimage.so
7b959c61b000-7b959c81a000 ---p 0001b000 103:03 7609766                   /opt/comsol60/multiphysics/java/glnxa64/jre/lib/libjimage.so
7b959c81a000-7b959c81c000 r--p 0001a000 103:03 7609766                   /opt/comsol60/multiphysics/java/glnxa64/jre/lib/libjimage.so
7b959c81c000-7b959c81d000 rw-p 0001c000 103:03 7609766                   /opt/comsol60/multiphysics/java/glnxa64/jre/lib/libjimage.so
7b959c81e000-7b959c87d000 r--p 00000000 103:03 11667502                  /usr/share/fonts/truetype/ubuntu/Ubuntu-RI.ttf
7b959c87d000-7b959c8fd000 rw-s 00000000 00:05 1048                       /dev/nvidiactl
7b959c8fd000-7b959cc00000 rw-p 00000000 00:00 0 
7b959cc00000-7b959cc28000 r-xp 00000000 103:03 7609763                   /opt/comsol60/multiphysics/java/glnxa64/jre/lib/libjava.so
7b959cc28000-7b959ce28000 ---p 00028000 103:03 7609763                   /opt/comsol60/multiphysics/java/glnxa64/jre/lib/libjava.so
7b959ce28000-7b959ce29000 r--p 00028000 103:03 7609763                   /opt/comsol60/multiphysics/java/glnxa64/jre/lib/libjava.so
7b959ce29000-7b959ce2a000 rw-p 00029000 103:03 7609763                   /opt/comsol60/multiphysics/java/glnxa64/jre/lib/libjava.so
7b959ce2a000-7b959ce2b000 rw-p 00000000 00:00 0 
7b959ce2d000-7b959ce2f000 r--p 00000000 103:03 11553917                  /usr/lib/x86_64-linux-gnu/libkeyutils.so.1.9
7b959ce2f000-7b959ce31000 r-xp 00002000 103:03 11553917                  /usr/lib/x86_64-linux-gnu/libkeyutils.so.1.9
7b959ce31000-7b959ce32000 r--p 00004000 103:03 11553917                  /usr/lib/x86_64-linux-gnu/libkeyutils.so.1.9
7b959ce32000-7b959ce33000 r--p 00004000 103:03 11553917                  /usr/lib/x86_64-linux-gnu/libkeyutils.so.1.9
7b959ce33000-7b959ce34000 rw-p 00005000 103:03 11553917                  /usr/lib/x86_64-linux-gnu/libkeyutils.so.1.9
7b959ce34000-7b959ce35000 r--p 00000000 103:03 11543764                  /usr/lib/x86_64-linux-gnu/libgstfft-1.0.so.0.2001.0
7b959ce35000-7b959ce3c000 r-xp 00001000 103:03 11543764                  /usr/lib/x86_64-linux-gnu/libgstfft-1.0.so.0.2001.0
7b959ce3c000-7b959ce3e000 r--p 00008000 103:03 11543764                  /usr/lib/x86_64-linux-gnu/libgstfft-1.0.so.0.2001.0
7b959ce3e000-7b959ce3f000 r--p 00009000 103:03 11543764                  /usr/lib/x86_64-linux-gnu/libgstfft-1.0.so.0.2001.0
7b959ce3f000-7b959ce40000 rw-p 0000a000 103:03 11543764                  /usr/lib/x86_64-linux-gnu/libgstfft-1.0.so.0.2001.0
7b959ce40000-7b959ce48000 r--p 00000000 103:03 11552065                  /usr/lib/x86_64-linux-gnu/libFLAC.so.8.3.0
7b959ce48000-7b959ce71000 r-xp 00008000 103:03 11552065                  /usr/lib/x86_64-linux-gnu/libFLAC.so.8.3.0
7b959ce71000-7b959ce7a000 r--p 00031000 103:03 11552065                  /usr/lib/x86_64-linux-gnu/libFLAC.so.8.3.0
7b959ce7a000-7b959ce7b000 r--p 00039000 103:03 11552065                  /usr/lib/x86_64-linux-gnu/libFLAC.so.8.3.0
7b959ce7b000-7b959ce7c000 rw-p 0003a000 103:03 11552065                  /usr/lib/x86_64-linux-gnu/libFLAC.so.8.3.0
7b959ce7c000-7b959cefc000 rw-s 00000000 00:05 1048                       /dev/nvidiactl
7b959cefc000-7b959d0fe000 rw-p 00000000 00:00 0 
7b959d0fe000-7b959d0ff000 ---p 00000000 00:00 0 
7b959d0ff000-7b959d200000 rw-p 00000000 00:00 0 
7b959d200000-7b959d20d000 r-xp 00000000 103:03 7609787                   /opt/comsol60/multiphysics/java/glnxa64/jre/lib/libverify.so
7b959d20d000-7b959d40c000 ---p 0000d000 103:03 7609787                   /opt/comsol60/multiphysics/java/glnxa64/jre/lib/libverify.so
7b959d40c000-7b959d40e000 r--p 0000c000 103:03 7609787                   /opt/comsol60/multiphysics/java/glnxa64/jre/lib/libverify.so
7b959d40e000-7b959d40f000 rw-p 0000e000 103:03 7609787                   /opt/comsol60/multiphysics/java/glnxa64/jre/lib/libverify.so
7b959d410000-7b959d414000 r--p 00000000 103:03 11543762                  /usr/lib/x86_64-linux-gnu/libgstapp-1.0.so.0.2001.0
7b959d414000-7b959d41f000 r-xp 00004000 103:03 11543762                  /usr/lib/x86_64-linux-gnu/libgstapp-1.0.so.0.2001.0
7b959d41f000-7b959d424000 r--p 0000f000 103:03 11543762                  /usr/lib/x86_64-linux-gnu/libgstapp-1.0.so.0.2001.0
7b959d424000-7b959d425000 r--p 00013000 103:03 11543762                  /usr/lib/x86_64-linux-gnu/libgstapp-1.0.so.0.2001.0
7b959d425000-7b959d426000 rw-p 00014000 103:03 11543762                  /usr/lib/x86_64-linux-gnu/libgstapp-1.0.so.0.2001.0
7b959d426000-7b959d478000 r--p 00000000 103:03 11667494                  /usr/share/fonts/truetype/ubuntu/Ubuntu-B.ttf
7b959d478000-7b959d479000 ---p 00000000 00:00 0 
7b959d479000-7b959d57a000 rw-p 00000000 00:00 0 
7b959d57a000-7b959d800000 rw-p 00000000 00:00 0 
7b959d800000-7b959d80a000 r-xp 00000000 103:03 7610023                   /opt/comsol60/multiphysics/ext/graphicsmagick/glnxa64/libltdl.so.7.3.0
7b959d80a000-7b959da09000 ---p 0000a000 103:03 7610023                   /opt/comsol60/multiphysics/ext/graphicsmagick/glnxa64/libltdl.so.7.3.0
7b959da09000-7b959da0a000 r--p 00009000 103:03 7610023                   /opt/comsol60/multiphysics/ext/graphicsmagick/glnxa64/libltdl.so.7.3.0
7b959da0a000-7b959da0b000 rw-p 0000a000 103:03 7610023                   /opt/comsol60/multiphysics/ext/graphicsmagick/glnxa64/libltdl.so.7.3.0
7b959da0d000-7b959da0f000 r--p 00000000 103:03 11553946                  /usr/lib/x86_64-linux-gnu/liblz4.so.1.9.3
7b959da0f000-7b959da28000 r-xp 00002000 103:03 11553946                  /usr/lib/x86_64-linux-gnu/liblz4.so.1.9.3
7b959da28000-7b959da2a000 r--p 0001b000 103:03 11553946                  /usr/lib/x86_64-linux-gnu/liblz4.so.1.9.3
7b959da2a000-7b959da2b000 ---p 0001d000 103:03 11553946                  /usr/lib/x86_64-linux-gnu/liblz4.so.1.9.3
7b959da2b000-7b959da2c000 r--p 0001d000 103:03 11553946                  /usr/lib/x86_64-linux-gnu/liblz4.so.1.9.3
7b959da2c000-7b959da2d000 rw-p 0001e000 103:03 11553946                  /usr/lib/x86_64-linux-gnu/liblz4.so.1.9.3
7b959da2d000-7b959da7d000 r--p 00000000 103:03 11689642                  /usr/share/icons/Humanity/icon-theme.cache
7b959da7d000-7b959dabd000 rw-s 00000000 00:05 1048                       /dev/nvidiactl
7b959dabd000-7b959dafd000 rw-s 00000000 00:05 1048                       /dev/nvidiactl
7b959dafd000-7b959de00000 rw-p 00000000 00:00 0 
7b959de00000-7b959de01000 ---p 00000000 00:00 0 
7b959de01000-7b959e601000 rw-p 00000000 00:00 0 
7b959e602000-7b959e604000 r--p 00000000 103:03 11536945                  /usr/lib/x86_64-linux-gnu/libatomic.so.1.2.0
7b959e604000-7b959e607000 r-xp 00002000 103:03 11536945                  /usr/lib/x86_64-linux-gnu/libatomic.so.1.2.0
7b959e607000-7b959e609000 r--p 00005000 103:03 11536945                  /usr/lib/x86_64-linux-gnu/libatomic.so.1.2.0
7b959e609000-7b959e60a000 r--p 00006000 103:03 11536945                  /usr/lib/x86_64-linux-gnu/libatomic.so.1.2.0
7b959e60a000-7b959e60b000 rw-p 00007000 103:03 11536945                  /usr/lib/x86_64-linux-gnu/libatomic.so.1.2.0
7b959e60b000-7b959e60c000 rw-p 00000000 00:00 0 
7b959e60c000-7b959e61f000 rw-s 00000000 00:05 1048                       /dev/nvidiactl
7b959e61f000-7b959e63f000 rw-s 00000000 00:05 1048                       /dev/nvidiactl
7b959e63f000-7b959e6bf000 rw-s 00000000 00:05 1049                       /dev/nvidia0
7b959e6bf000-7b959e6ff000 rw-s 00000000 00:05 1048                       /dev/nvidiactl
7b959e6ff000-7b959e800000 rw-p 00000000 00:00 0 
7b959e800000-7b959e801000 ---p 00000000 00:00 0 
7b959e801000-7b959f001000 rw-p 00000000 00:00 0 
7b959f002000-7b959f003000 r--p 00000000 103:03 11554511                  /usr/lib/x86_64-linux-gnu/libxcb-present.so.0.0.0
7b959f003000-7b959f004000 r-xp 00001000 103:03 11554511                  /usr/lib/x86_64-linux-gnu/libxcb-present.so.0.0.0
7b959f004000-7b959f005000 r--p 00002000 103:03 11554511                  /usr/lib/x86_64-linux-gnu/libxcb-present.so.0.0.0
7b959f005000-7b959f006000 r--p 00002000 103:03 11554511                  /usr/lib/x86_64-linux-gnu/libxcb-present.so.0.0.0
7b959f006000-7b959f007000 rw-p 00003000 103:03 11554511                  /usr/lib/x86_64-linux-gnu/libxcb-present.so.0.0.0
7b959f007000-7b959f027000 rw-s 00000000 00:05 1048                       /dev/nvidiactl
7b959f027000-7b959f02a000 r--p 00000000 103:03 11554672                  /usr/lib/x86_64-linux-gnu/libcap.so.2.44
7b959f02a000-7b959f02e000 r-xp 00003000 103:03 11554672                  /usr/lib/x86_64-linux-gnu/libcap.so.2.44
7b959f02e000-7b959f030000 r--p 00007000 103:03 11554672                  /usr/lib/x86_64-linux-gnu/libcap.so.2.44
7b959f030000-7b959f031000 r--p 00008000 103:03 11554672                  /usr/lib/x86_64-linux-gnu/libcap.so.2.44
7b959f031000-7b959f032000 rw-p 00009000 103:03 11554672                  /usr/lib/x86_64-linux-gnu/libcap.so.2.44
7b959f032000-7b959f035000 r--p 00000000 103:03 11536718                  /usr/lib/x86_64-linux-gnu/libapparmor.so.1.8.2
7b959f035000-7b959f03e000 r-xp 00003000 103:03 11536718                  /usr/lib/x86_64-linux-gnu/libapparmor.so.1.8.2
7b959f03e000-7b959f045000 r--p 0000c000 103:03 11536718                  /usr/lib/x86_64-linux-gnu/libapparmor.so.1.8.2
7b959f045000-7b959f046000 r--p 00012000 103:03 11536718                  /usr/lib/x86_64-linux-gnu/libapparmor.so.1.8.2
7b959f046000-7b959f047000 rw-p 00013000 103:03 11536718                  /usr/lib/x86_64-linux-gnu/libapparmor.so.1.8.2
7b959f047000-7b959f087000 r--p 00000000 103:03 11553048                  /usr/lib/x86_64-linux-gnu/libGLdispatch.so.0.0.0
7b959f087000-7b959f08a000 r-xp 00040000 103:03 11553048                  /usr/lib/x86_64-linux-gnu/libGLdispatch.so.0.0.0
7b959f08a000-7b959f0c5000 r-xp 00043000 103:03 11553048                  /usr/lib/x86_64-linux-gnu/libGLdispatch.so.0.0.0
7b959f0c5000-7b959f0c6000 r-xp 0007e000 103:03 11553048                  /usr/lib/x86_64-linux-gnu/libGLdispatch.so.0.0.0
7b959f0c6000-7b959f0d9000 r--p 0007f000 103:03 11553048                  /usr/lib/x86_64-linux-gnu/libGLdispatch.so.0.0.0
7b959f0d9000-7b959f0da000 ---p 00092000 103:03 11553048                  /usr/lib/x86_64-linux-gnu/libGLdispatch.so.0.0.0
7b959f0da000-7b959f0f6000 r--p 00092000 103:03 11553048                  /usr/lib/x86_64-linux-gnu/libGLdispatch.so.0.0.0
7b959f0f6000-7b959f0f7000 rw-p 000ae000 103:03 11553048                  /usr/lib/x86_64-linux-gnu/libGLdispatch.so.0.0.0
7b959f0f7000-7b959f200000 rw-p 00000000 00:00 0 
7b959f200000-7b959f25d000 r-xp 00000000 103:03 5905652                   /opt/MATLAB/R2023a/bin/glnxa64/libdbus-1.so.3.34.0
7b959f25d000-7b959f45d000 ---p 0005d000 103:03 5905652                   /opt/MATLAB/R2023a/bin/glnxa64/libdbus-1.so.3.34.0
7b959f45d000-7b959f45e000 r--p 0005d000 103:03 5905652                   /opt/MATLAB/R2023a/bin/glnxa64/libdbus-1.so.3.34.0
7b959f45e000-7b959f45f000 rw-p 0005e000 103:03 5905652                   /opt/MATLAB/R2023a/bin/glnxa64/libdbus-1.so.3.34.0
7b959f45f000-7b959f460000 rw-p 00000000 00:00 0 
7b959f460000-7b959f465000 r--p 00000000 103:03 11548417                  /usr/lib/x86_64-linux-gnu/libdrm.so.2.4.0
7b959f465000-7b959f470000 r-xp 00005000 103:03 11548417                  /usr/lib/x86_64-linux-gnu/libdrm.so.2.4.0
7b959f470000-7b959f474000 r--p 00010000 103:03 11548417                  /usr/lib/x86_64-linux-gnu/libdrm.so.2.4.0
7b959f474000-7b959f475000 r--p 00013000 103:03 11548417                  /usr/lib/x86_64-linux-gnu/libdrm.so.2.4.0
7b959f475000-7b959f476000 rw-p 00014000 103:03 11548417                  /usr/lib/x86_64-linux-gnu/libdrm.so.2.4.0
7b959f476000-7b959f4b9000 r--p 00000000 103:03 11553037                  /usr/lib/x86_64-linux-gnu/libGL.so.1.7.0
7b959f4b9000-7b959f4bc000 r-xp 00043000 103:03 11553037                  /usr/lib/x86_64-linux-gnu/libGL.so.1.7.0
7b959f4bc000-7b959f4d7000 r-xp 00046000 103:03 11553037                  /usr/lib/x86_64-linux-gnu/libGL.so.1.7.0
7b959f4d7000-7b959f4d8000 r-xp 00061000 103:03 11553037                  /usr/lib/x86_64-linux-gnu/libGL.so.1.7.0
7b959f4d8000-7b959f4ed000 r--p 00062000 103:03 11553037                  /usr/lib/x86_64-linux-gnu/libGL.so.1.7.0
7b959f4ed000-7b959f4fb000 r--p 00076000 103:03 11553037                  /usr/lib/x86_64-linux-gnu/libGL.so.1.7.0
7b959f4fb000-7b959f4fc000 rw-p 00084000 103:03 11553037                  /usr/lib/x86_64-linux-gnu/libGL.so.1.7.0
7b959f4fc000-7b959f800000 rw-p 00000000 00:00 0 
7b959f800000-7b959f884000 r--p 00000000 103:03 11543477                  /usr/lib/x86_64-linux-gnu/libgtk-3.so.0.2404.29
7b959f884000-7b959fc07000 r-xp 00084000 103:03 11543477                  /usr/lib/x86_64-linux-gnu/libgtk-3.so.0.2404.29
7b959fc07000-7b95a0012000 r--p 00407000 103:03 11543477                  /usr/lib/x86_64-linux-gnu/libgtk-3.so.0.2404.29
7b95a0012000-7b95a0022000 r--p 00811000 103:03 11543477                  /usr/lib/x86_64-linux-gnu/libgtk-3.so.0.2404.29
7b95a0022000-7b95a0024000 rw-p 00821000 103:03 11543477                  /usr/lib/x86_64-linux-gnu/libgtk-3.so.0.2404.29
7b95a0024000-7b95a0029000 rw-p 00000000 00:00 0 
7b95a002a000-7b95a002c000 r--p 00000000 103:03 11542267                  /usr/lib/x86_64-linux-gnu/libcom_err.so.2.1
7b95a002c000-7b95a002d000 r-xp 00002000 103:03 11542267                  /usr/lib/x86_64-linux-gnu/libcom_err.so.2.1
7b95a002d000-7b95a002e000 r--p 00003000 103:03 11542267                  /usr/lib/x86_64-linux-gnu/libcom_err.so.2.1
7b95a002e000-7b95a002f000 r--p 00003000 103:03 11542267                  /usr/lib/x86_64-linux-gnu/libcom_err.so.2.1
7b95a002f000-7b95a0030000 rw-p 00004000 103:03 11542267                  /usr/lib/x86_64-linux-gnu/libcom_err.so.2.1
7b95a0030000-7b95a003b000 r--p 00000000 103:03 11554503                  /usr/lib/x86_64-linux-gnu/libxcb-glx.so.0.0.0
7b95a003b000-7b95a0044000 r-xp 0000b000 103:03 11554503                  /usr/lib/x86_64-linux-gnu/libxcb-glx.so.0.0.0
7b95a0044000-7b95a0049000 r--p 00014000 103:03 11554503                  /usr/lib/x86_64-linux-gnu/libxcb-glx.so.0.0.0
7b95a0049000-7b95a004a000 ---p 00019000 103:03 11554503                  /usr/lib/x86_64-linux-gnu/libxcb-glx.so.0.0.0
7b95a004a000-7b95a004c000 r--p 00019000 103:03 11554503                  /usr/lib/x86_64-linux-gnu/libxcb-glx.so.0.0.0
7b95a004c000-7b95a004d000 rw-p 0001b000 103:03 11554503                  /usr/lib/x86_64-linux-gnu/libxcb-glx.so.0.0.0
7b95a004d000-7b95a0050000 r--p 00000000 103:03 11553043                  /usr/lib/x86_64-linux-gnu/libGLX.so.0.0.0
7b95a0050000-7b95a006b000 r-xp 00003000 103:03 11553043                  /usr/lib/x86_64-linux-gnu/libGLX.so.0.0.0
7b95a006b000-7b95a006e000 r--p 0001e000 103:03 11553043                  /usr/lib/x86_64-linux-gnu/libGLX.so.0.0.0
7b95a006e000-7b95a006f000 ---p 00021000 103:03 11553043                  /usr/lib/x86_64-linux-gnu/libGLX.so.0.0.0
7b95a006f000-7b95a0070000 r--p 00021000 103:03 11553043                  /usr/lib/x86_64-linux-gnu/libGLX.so.0.0.0
7b95a0070000-7b95a0071000 rw-p 00022000 103:03 11553043                  /usr/lib/x86_64-linux-gnu/libGLX.so.0.0.0
7b95a0071000-7b95a0081000 rw-p 00000000 00:00 0 
7b95a0081000-7b95a0091000 r--p 00000000 103:03 11553832                  /usr/lib/x86_64-linux-gnu/libibus-1.0.so.5.0.526
7b95a0091000-7b95a00c7000 r-xp 00010000 103:03 11553832                  /usr/lib/x86_64-linux-gnu/libibus-1.0.so.5.0.526
7b95a00c7000-7b95a00fb000 r--p 00046000 103:03 11553832                  /usr/lib/x86_64-linux-gnu/libibus-1.0.so.5.0.526
7b95a00fb000-7b95a00fc000 ---p 0007a000 103:03 11553832                  /usr/lib/x86_64-linux-gnu/libibus-1.0.so.5.0.526
7b95a00fc000-7b95a00fe000 r--p 0007a000 103:03 11553832                  /usr/lib/x86_64-linux-gnu/libibus-1.0.so.5.0.526
7b95a00fe000-7b95a00ff000 rw-p 0007c000 103:03 11553832                  /usr/lib/x86_64-linux-gnu/libibus-1.0.so.5.0.526
7b95a00ff000-7b95a0200000 rw-p 00000000 00:00 0 
7b95a0200000-7b95a0205000 r-xp 00000000 103:03 5905667                   /opt/MATLAB/R2023a/bin/glnxa64/libXdmcp.so.6.0.0
7b95a0205000-7b95a0404000 ---p 00005000 103:03 5905667                   /opt/MATLAB/R2023a/bin/glnxa64/libXdmcp.so.6.0.0
7b95a0404000-7b95a0405000 r--p 00004000 103:03 5905667                   /opt/MATLAB/R2023a/bin/glnxa64/libXdmcp.so.6.0.0
7b95a0405000-7b95a0406000 rw-p 00005000 103:03 5905667                   /opt/MATLAB/R2023a/bin/glnxa64/libXdmcp.so.6.0.0
7b95a0407000-7b95a0408000 r--p 00000000 103:03 11553830                  /usr/lib/x86_64-linux-gnu/libhyphen.so.0.3.0
7b95a0408000-7b95a040b000 r-xp 00001000 103:03 11553830                  /usr/lib/x86_64-linux-gnu/libhyphen.so.0.3.0
7b95a040b000-7b95a040c000 r--p 00004000 103:03 11553830                  /usr/lib/x86_64-linux-gnu/libhyphen.so.0.3.0
7b95a040c000-7b95a040d000 r--p 00004000 103:03 11553830                  /usr/lib/x86_64-linux-gnu/libhyphen.so.0.3.0
7b95a040d000-7b95a040e000 rw-p 00005000 103:03 11553830                  /usr/lib/x86_64-linux-gnu/libhyphen.so.0.3.0
7b95a040e000-7b95a0410000 r--p 00000000 103:03 11553271                  /usr/lib/x86_64-linux-gnu/libasyncns.so.0.3.1
7b95a0410000-7b95a0413000 r-xp 00002000 103:03 11553271                  /usr/lib/x86_64-linux-gnu/libasyncns.so.0.3.1
7b95a0413000-7b95a0414000 r--p 00005000 103:03 11553271                  /usr/lib/x86_64-linux-gnu/libasyncns.so.0.3.1
7b95a0414000-7b95a0415000 r--p 00005000 103:03 11553271                  /usr/lib/x86_64-linux-gnu/libasyncns.so.0.3.1
7b95a0415000-7b95a0416000 rw-p 00006000 103:03 11553271                  /usr/lib/x86_64-linux-gnu/libasyncns.so.0.3.1
7b95a0416000-7b95a0426000 rw-s 00000000 00:05 1049                       /dev/nvidia0
7b95a0426000-7b95a047a000 r--p 00000000 103:03 11667242                  /usr/share/fonts/truetype/dejavu/DejaVuSansMono.ttf
7b95a047a000-7b95a04ca000 rw-p 00000000 00:00 0 
7b95a04ca000-7b95a04fd000 r--p 00000000 103:03 11665926                  /usr/share/glib-2.0/schemas/gschemas.compiled
7b95a04fd000-7b95a0800000 rw-p 00000000 00:00 0 
7b95a0800000-7b95a0802000 r-xp 00000000 103:03 5905660                   /opt/MATLAB/R2023a/bin/glnxa64/libXau.so.6.0.0
7b95a0802000-7b95a0a02000 ---p 00002000 103:03 5905660                   /opt/MATLAB/R2023a/bin/glnxa64/libXau.so.6.0.0
7b95a0a02000-7b95a0a03000 r--p 00002000 103:03 5905660                   /opt/MATLAB/R2023a/bin/glnxa64/libXau.so.6.0.0
7b95a0a03000-7b95a0a04000 rw-p 00003000 103:03 5905660                   /opt/MATLAB/R2023a/bin/glnxa64/libXau.so.6.0.0
7b95a0a05000-7b95a0a06000 r--p 00000000 103:03 11553811                  /usr/lib/x86_64-linux-gnu/libwebpdemux.so.2.0.9
7b95a0a06000-7b95a0a08000 r-xp 00001000 103:03 11553811                  /usr/lib/x86_64-linux-gnu/libwebpdemux.so.2.0.9
7b95a0a08000-7b95a0a09000 r--p 00003000 103:03 11553811                  /usr/lib/x86_64-linux-gnu/libwebpdemux.so.2.0.9
7b95a0a09000-7b95a0a0a000 r--p 00003000 103:03 11553811                  /usr/lib/x86_64-linux-gnu/libwebpdemux.so.2.0.9
7b95a0a0a000-7b95a0a0b000 rw-p 00004000 103:03 11553811                  /usr/lib/x86_64-linux-gnu/libwebpdemux.so.2.0.9
7b95a0a0b000-7b95a0a0f000 rw-s 00000000 00:05 1048                       /dev/nvidiactl
7b95a0a0f000-7b95a0a10000 r--p 00000000 103:03 11554066                  /usr/lib/x86_64-linux-gnu/libnss_mdns4_minimal.so.2
7b95a0a10000-7b95a0a12000 r-xp 00001000 103:03 11554066                  /usr/lib/x86_64-linux-gnu/libnss_mdns4_minimal.so.2
7b95a0a12000-7b95a0a13000 r--p 00003000 103:03 11554066                  /usr/lib/x86_64-linux-gnu/libnss_mdns4_minimal.so.2
7b95a0a13000-7b95a0a14000 r--p 00003000 103:03 11554066                  /usr/lib/x86_64-linux-gnu/libnss_mdns4_minimal.so.2
7b95a0a14000-7b95a0a15000 rw-p 00004000 103:03 11554066                  /usr/lib/x86_64-linux-gnu/libnss_mdns4_minimal.so.2
7b95a0a16000-7b95a0a17000 rw-s 00000000 00:05 1049                       /dev/nvidia0
7b95a0a17000-7b95a0a19000 rw-s 00000000 00:05 1048                       /dev/nvidiactl
7b95a0a19000-7b95a0a1d000 rw-s 00000000 00:05 1048                       /dev/nvidiactl
7b95a0a1d000-7b95a0a1e000 rw-s 00000000 00:05 1048                       /dev/nvidiactl
7b95a0a1e000-7b95a0a1f000 r--p 00000000 103:03 11546293                  /usr/lib/x86_64-linux-gnu/libnvidia-tls.so.535.183.01
7b95a0a1f000-7b95a0a21000 r-xp 00001000 103:03 11546293                  /usr/lib/x86_64-linux-gnu/libnvidia-tls.so.535.183.01
7b95a0a21000-7b95a0a22000 r--p 00003000 103:03 11546293                  /usr/lib/x86_64-linux-gnu/libnvidia-tls.so.535.183.01
7b95a0a22000-7b95a0a23000 r--p 00003000 103:03 11546293                  /usr/lib/x86_64-linux-gnu/libnvidia-tls.so.535.183.01
7b95a0a23000-7b95a0a24000 rw-p 00004000 103:03 11546293                  /usr/lib/x86_64-linux-gnu/libnvidia-tls.so.535.183.01
7b95a0a24000-7b95a0a27000 r--p 00000000 103:03 11555880                  /usr/lib/x86_64-linux-gnu/gtk-3.0/3.0.0/immodules/im-ibus.so
7b95a0a27000-7b95a0a2b000 r-xp 00003000 103:03 11555880                  /usr/lib/x86_64-linux-gnu/gtk-3.0/3.0.0/immodules/im-ibus.so
7b95a0a2b000-7b95a0a2d000 r--p 00007000 103:03 11555880                  /usr/lib/x86_64-linux-gnu/gtk-3.0/3.0.0/immodules/im-ibus.so
7b95a0a2d000-7b95a0a2e000 r--p 00008000 103:03 11555880                  /usr/lib/x86_64-linux-gnu/gtk-3.0/3.0.0/immodules/im-ibus.so
7b95a0a2e000-7b95a0a2f000 rw-p 00009000 103:03 11555880                  /usr/lib/x86_64-linux-gnu/gtk-3.0/3.0.0/immodules/im-ibus.so
7b95a0a2f000-7b95a0a32000 r--p 00000000 103:03 11560893                  /usr/lib/x86_64-linux-gnu/libgcc_s.so.1
7b95a0a32000-7b95a0a49000 r-xp 00003000 103:03 11560893                  /usr/lib/x86_64-linux-gnu/libgcc_s.so.1
7b95a0a49000-7b95a0a4d000 r--p 0001a000 103:03 11560893                  /usr/lib/x86_64-linux-gnu/libgcc_s.so.1
7b95a0a4d000-7b95a0a4e000 r--p 0001d000 103:03 11560893                  /usr/lib/x86_64-linux-gnu/libgcc_s.so.1
7b95a0a4e000-7b95a0a4f000 rw-p 0001e000 103:03 11560893                  /usr/lib/x86_64-linux-gnu/libgcc_s.so.1
7b95a0a4f000-7b95a0aa6000 r--p 00000000 103:03 11667501                  /usr/share/fonts/truetype/ubuntu/Ubuntu-R.ttf
7b95a0aa6000-7b95a0afd000 r--p 00000000 103:03 11667501                  /usr/share/fonts/truetype/ubuntu/Ubuntu-R.ttf
7b95a0afd000-7b95a0e00000 rw-p 00000000 00:00 0 
7b95a0e00000-7b95a0e09000 r-xp 00000000 103:03 5905642                   /opt/MATLAB/R2023a/bin/glnxa64/libXrender.so.1.3.0
7b95a0e09000-7b95a1008000 ---p 00009000 103:03 5905642                   /opt/MATLAB/R2023a/bin/glnxa64/libXrender.so.1.3.0
7b95a1008000-7b95a1009000 r--p 00008000 103:03 5905642                   /opt/MATLAB/R2023a/bin/glnxa64/libXrender.so.1.3.0
7b95a1009000-7b95a100a000 rw-p 00009000 103:03 5905642                   /opt/MATLAB/R2023a/bin/glnxa64/libXrender.so.1.3.0
7b95a100a000-7b95a100b000 rw-s 00000000 00:05 1048                       /dev/nvidiactl
7b95a100c000-7b95a100d000 rw-s 00044000 00:01 9219                       /memfd:/.nvidia_drv.XXXXXX (deleted)
7b95a100d000-7b95a100e000 r-xp 00000000 00:00 0 
7b95a100e000-7b95a1010000 r--p 00000000 103:03 11553109                  /usr/lib/x86_64-linux-gnu/libXtst.so.6.1.0
7b95a1010000-7b95a1013000 r-xp 00002000 103:03 11553109                  /usr/lib/x86_64-linux-gnu/libXtst.so.6.1.0
7b95a1013000-7b95a1014000 r--p 00005000 103:03 11553109                  /usr/lib/x86_64-linux-gnu/libXtst.so.6.1.0
7b95a1014000-7b95a1015000 r--p 00005000 103:03 11553109                  /usr/lib/x86_64-linux-gnu/libXtst.so.6.1.0
7b95a1015000-7b95a1016000 rw-p 00006000 103:03 11553109                  /usr/lib/x86_64-linux-gnu/libXtst.so.6.1.0
7b95a1016000-7b95a1017000 r--p 00000000 103:03 11544010                  /usr/lib/x86_64-linux-gnu/libgthread-2.0.so.0.7200.4
7b95a1017000-7b95a1018000 r-xp 00001000 103:03 11544010                  /usr/lib/x86_64-linux-gnu/libgthread-2.0.so.0.7200.4
7b95a1018000-7b95a1019000 r--p 00002000 103:03 11544010                  /usr/lib/x86_64-linux-gnu/libgthread-2.0.so.0.7200.4
7b95a1019000-7b95a101a000 r--p 00002000 103:03 11544010                  /usr/lib/x86_64-linux-gnu/libgthread-2.0.so.0.7200.4
7b95a101a000-7b95a101b000 rw-p 00003000 103:03 11544010                  /usr/lib/x86_64-linux-gnu/libgthread-2.0.so.0.7200.4
7b95a101b000-7b95a101f000 r--p 00000000 103:03 116317713                 /home/frocha/.config/dconf/user
7b95a101f000-7b95a1020000 r--s 00000000 00:44 227                        /run/user/1000/dconf/user
7b95a1020000-7b95a1024000 r--p 00000000 103:03 11555627                  /usr/lib/x86_64-linux-gnu/gio/modules/libdconfsettings.so
7b95a1024000-7b95a102b000 r-xp 00004000 103:03 11555627                  /usr/lib/x86_64-linux-gnu/gio/modules/libdconfsettings.so
7b95a102b000-7b95a102e000 r--p 0000b000 103:03 11555627                  /usr/lib/x86_64-linux-gnu/gio/modules/libdconfsettings.so
7b95a102e000-7b95a102f000 r--p 0000e000 103:03 11555627                  /usr/lib/x86_64-linux-gnu/gio/modules/libdconfsettings.so
7b95a102f000-7b95a1030000 rw-p 0000f000 103:03 11555627                  /usr/lib/x86_64-linux-gnu/gio/modules/libdconfsettings.so
7b95a1030000-7b95a103b000 r--s 00000000 103:03 111681321                 /var/cache/fontconfig/edacfa73-b07d-469d-8500-05c809243b81-le64.cache-7
7b95a103b000-7b95a103f000 r--s 00000000 103:03 111682882                 /var/cache/fontconfig/382ede43-40b8-4c6c-b410-99dcb0617e53-le64.cache-7
7b95a103f000-7b95a104b000 r--s 00000000 103:03 111682889                 /var/cache/fontconfig/9a01f726-34a7-4715-91b5-9aed0b2ffcca-le64.cache-7
7b95a104b000-7b95a1051000 r--s 00000000 103:03 111681316                 /var/cache/fontconfig/324a8675-4b04-4e0b-9ad5-ff678333e562-le64.cache-7
7b95a1051000-7b95a1067000 r--s 00000000 103:03 111681294                 /var/cache/fontconfig/70daea87-02dc-4a3f-9465-8b8d2390bf5a-le64.cache-7
7b95a1067000-7b95a106f000 r--s 00000000 103:03 111681282                 /var/cache/fontconfig/44994818-da9f-47a1-9b44-c2c3e1346c60-le64.cache-7
7b95a106f000-7b95a1070000 r--p 00000000 103:03 11554491                  /usr/lib/x86_64-linux-gnu/libwoff2common.so.1.0.2
7b95a1070000-7b95a1071000 r-xp 00001000 103:03 11554491                  /usr/lib/x86_64-linux-gnu/libwoff2common.so.1.0.2
7b95a1071000-7b95a1072000 r--p 00002000 103:03 11554491                  /usr/lib/x86_64-linux-gnu/libwoff2common.so.1.0.2
7b95a1072000-7b95a1073000 r--p 00002000 103:03 11554491                  /usr/lib/x86_64-linux-gnu/libwoff2common.so.1.0.2
7b95a1073000-7b95a1074000 rw-p 00003000 103:03 11554491                  /usr/lib/x86_64-linux-gnu/libwoff2common.so.1.0.2
7b95a1074000-7b95a1076000 r--p 00000000 103:03 11543761                  /usr/lib/x86_64-linux-gnu/libgstallocators-1.0.so.0.2001.0
7b95a1076000-7b95a1078000 r-xp 00002000 103:03 11543761                  /usr/lib/x86_64-linux-gnu/libgstallocators-1.0.so.0.2001.0
7b95a1078000-7b95a1079000 r--p 00004000 103:03 11543761                  /usr/lib/x86_64-linux-gnu/libgstallocators-1.0.so.0.2001.0
7b95a1079000-7b95a107a000 r--p 00004000 103:03 11543761                  /usr/lib/x86_64-linux-gnu/libgstallocators-1.0.so.0.2001.0
7b95a107a000-7b95a107b000 rw-p 00005000 103:03 11543761                  /usr/lib/x86_64-linux-gnu/libgstallocators-1.0.so.0.2001.0
7b95a107b000-7b95a107d000 r--p 00000000 103:03 11554492                  /usr/lib/x86_64-linux-gnu/libwoff2dec.so.1.0.2
7b95a107d000-7b95a1083000 r-xp 00002000 103:03 11554492                  /usr/lib/x86_64-linux-gnu/libwoff2dec.so.1.0.2
7b95a1083000-7b95a1084000 r--p 00008000 103:03 11554492                  /usr/lib/x86_64-linux-gnu/libwoff2dec.so.1.0.2
7b95a1084000-7b95a1085000 ---p 00009000 103:03 11554492                  /usr/lib/x86_64-linux-gnu/libwoff2dec.so.1.0.2
7b95a1085000-7b95a1086000 r--p 00009000 103:03 11554492                  /usr/lib/x86_64-linux-gnu/libwoff2dec.so.1.0.2
7b95a1086000-7b95a1087000 rw-p 0000a000 103:03 11554492                  /usr/lib/x86_64-linux-gnu/libwoff2dec.so.1.0.2
7b95a1087000-7b95a108a000 r--p 00000000 103:03 11807636                  /usr/share/locale-langpack/en_GB/LC_MESSAGES/pulseaudio.mo
7b95a108a000-7b95a108c000 r--p 00000000 103:03 11548399                  /usr/lib/x86_64-linux-gnu/libcanberra-0.30/libcanberra-pulse.so
7b95a108c000-7b95a1090000 r-xp 00002000 103:03 11548399                  /usr/lib/x86_64-linux-gnu/libcanberra-0.30/libcanberra-pulse.so
7b95a1090000-7b95a1091000 r--p 00006000 103:03 11548399                  /usr/lib/x86_64-linux-gnu/libcanberra-0.30/libcanberra-pulse.so
7b95a1091000-7b95a1092000 ---p 00007000 103:03 11548399                  /usr/lib/x86_64-linux-gnu/libcanberra-0.30/libcanberra-pulse.so
7b95a1092000-7b95a1093000 r--p 00007000 103:03 11548399                  /usr/lib/x86_64-linux-gnu/libcanberra-0.30/libcanberra-pulse.so
7b95a1093000-7b95a1094000 rw-p 00008000 103:03 11548399                  /usr/lib/x86_64-linux-gnu/libcanberra-0.30/libcanberra-pulse.so
7b95a1094000-7b95a1095000 r--p 00000000 103:03 11555672                  /usr/lib/x86_64-linux-gnu/gdk-pixbuf-2.0/2.10.0/loaders/libpixbufloader-svg.so
7b95a1095000-7b95a1096000 r-xp 00001000 103:03 11555672                  /usr/lib/x86_64-linux-gnu/gdk-pixbuf-2.0/2.10.0/loaders/libpixbufloader-svg.so
7b95a1096000-7b95a1097000 r--p 00002000 103:03 11555672                  /usr/lib/x86_64-linux-gnu/gdk-pixbuf-2.0/2.10.0/loaders/libpixbufloader-svg.so
7b95a1097000-7b95a1098000 r--p 00002000 103:03 11555672                  /usr/lib/x86_64-linux-gnu/gdk-pixbuf-2.0/2.10.0/loaders/libpixbufloader-svg.so
7b95a1098000-7b95a1099000 rw-p 00003000 103:03 11555672                  /usr/lib/x86_64-linux-gnu/gdk-pixbuf-2.0/2.10.0/loaders/libpixbufloader-svg.so
7b95a1099000-7b95a10a0000 r--p 00000000 103:03 11665554                  /usr/share/icons/hicolor/icon-theme.cache
7b95a10a0000-7b95a10ad000 r--p 00000000 103:03 11683932                  /usr/share/icons/Adwaita/icon-theme.cache
7b95a10ad000-7b95a10db000 r--p 00000000 103:03 11668143                  /usr/share/icons/Yaru/icon-theme.cache
7b95a10db000-7b95a10df000 ---p 00000000 00:00 0 
7b95a10df000-7b95a10fd000 rw-p 00000000 00:00 0 
7b95a10fd000-7b95a1400000 rw-p 00000000 00:00 0 
7b95a1400000-7b95a149c000 r-xp 00000000 103:03 5901215                   /opt/MATLAB/R2023a/bin/glnxa64/libfreetype.so.6.16.0
7b95a149c000-7b95a169c000 ---p 0009c000 103:03 5901215                   /opt/MATLAB/R2023a/bin/glnxa64/libfreetype.so.6.16.0
7b95a169c000-7b95a16a3000 r--p 0009c000 103:03 5901215                   /opt/MATLAB/R2023a/bin/glnxa64/libfreetype.so.6.16.0
7b95a16a3000-7b95a16a4000 rw-p 000a3000 103:03 5901215                   /opt/MATLAB/R2023a/bin/glnxa64/libfreetype.so.6.16.0
7b95a16a4000-7b95a16a5000 r--s 00000000 103:03 111681299                 /var/cache/fontconfig/6d7de152-a4e9-4c1c-b307-d519e1966fbc-le64.cache-7
7b95a16a5000-7b95a16a6000 r--s 00000000 103:03 111681286                 /var/cache/fontconfig/82798acf-dbc1-4c78-9f21-ad4aba377dab-le64.cache-7
7b95a16a6000-7b95a16a7000 r--s 00000000 103:03 111681252                 /var/cache/fontconfig/c482d473-3646-4e44-be43-682d15e7f805-le64.cache-7
7b95a16a7000-7b95a16a9000 r--s 00000000 103:03 111681208                 /var/cache/fontconfig/3f4718d6-b948-44b2-a173-1eb25f14df87-le64.cache-7
7b95a16a9000-7b95a16aa000 r--s 00000000 103:03 111681164                 /var/cache/fontconfig/10ce34ad-528a-4999-aecf-5efe12bd8534-le64.cache-7
7b95a16aa000-7b95a16ac000 r--s 00000000 103:03 111681150                 /var/cache/fontconfig/72128f23-ab26-4e2e-b9a3-4b7ac22bf0eb-le64.cache-7
7b95a16ac000-7b95a16ae000 r--s 00000000 103:03 111681084                 /var/cache/fontconfig/309e3519-f35f-4626-a53b-e33e7ebb6327-le64.cache-7
7b95a16ae000-7b95a16b1000 r--s 00000000 103:03 111673417                 /var/cache/fontconfig/a4a8ae3d-edb3-4095-a56e-512c7c7a62eb-le64.cache-7
7b95a16b1000-7b95a16b6000 r--s 00000000 103:03 111681076                 /var/cache/fontconfig/9ec1b32f-a235-4a29-906a-27ddfc506ff9-le64.cache-7
7b95a16b6000-7b95a16b7000 r--s 00000000 103:03 111681066                 /var/cache/fontconfig/208f57c9-93ec-4673-8ecd-07cdbd1557bc-le64.cache-7
7b95a16b7000-7b95a16b8000 r--s 00000000 103:03 111681060                 /var/cache/fontconfig/610caa06-0770-4310-8793-281840d2bbcf-le64.cache-7
7b95a16b8000-7b95a16b9000 r--s 00000000 103:03 111681058                 /var/cache/fontconfig/428c27e7-0898-4631-b0e9-6ad1b2e54080-le64.cache-7
7b95a16b9000-7b95a16ba000 r--s 00000000 103:03 111681057                 /var/cache/fontconfig/34dc6f6e-0f12-4719-91d5-877a5d991d42-le64.cache-7
7b95a16ba000-7b95a16bb000 r--s 00000000 103:03 111681056                 /var/cache/fontconfig/7fc7105b-9726-4438-a272-1abcc9f73211-le64.cache-7
7b95a16bb000-7b95a16bc000 r--s 00000000 103:03 111681042                 /var/cache/fontconfig/2f1ee194-9001-4fee-8192-150b55bc867b-le64.cache-7
7b95a16bc000-7b95a16bd000 r--s 00000000 103:03 111680963                 /var/cache/fontconfig/07a7110e-f113-4eb5-9200-b04816404553-le64.cache-7
7b95a16bd000-7b95a16be000 r--s 00000000 103:03 111680957                 /var/cache/fontconfig/cb20e43c-71d0-4d89-93ef-44f837cec5b0-le64.cache-7
7b95a16be000-7b95a16bf000 r--s 00000000 103:03 111680953                 /var/cache/fontconfig/210e6808-69d3-4a6e-b6f7-b813e66767ea-le64.cache-7
7b95a16bf000-7b95a16c0000 r--s 00000000 103:03 111680800                 /var/cache/fontconfig/abcb06ab-b51c-4d0a-8435-15d13e725729-le64.cache-7
7b95a16c0000-7b95a16c1000 r--s 00000000 103:03 111680728                 /var/cache/fontconfig/9fe736ea-6a90-455d-a169-d869791cab3e-le64.cache-7
7b95a16c1000-7b95a16c7000 r--s 00000000 103:03 111680632                 /var/cache/fontconfig/fa584cf7-fcce-4b6b-bd62-6b68b5eb0a53-le64.cache-7
7b95a16c7000-7b95a16ce000 r--s 00000000 103:03 111680623                 /var/cache/fontconfig/b9f51a29-9870-4cb2-977a-f7ece9facf90-le64.cache-7
7b95a16ce000-7b95a16d6000 r--s 00000000 103:03 111683819                 /var/cache/fontconfig/bee4d6ec-d538-4abb-8ab2-5a09e69a6aae-le64.cache-7
7b95a16d6000-7b95a16dc000 r--s 00000000 103:03 111680575                 /var/cache/fontconfig/10103fe0-9633-4489-a13b-fe5aa25891ee-le64.cache-7
7b95a16dc000-7b95a16ef000 r--s 00000000 103:03 111680504                 /var/cache/fontconfig/ce193f07-8156-4710-9e68-3559f87c8c78-le64.cache-7
7b95a16ef000-7b95a16fd000 r--s 00000000 103:03 111680029                 /var/cache/fontconfig/3af25975-1d52-4fa3-a934-7f1a0090b341-le64.cache-7
7b95a16fd000-7b95a1a00000 rw-p 00000000 00:00 0 
7b95a1a00000-7b95a1a4e000 r-xp 00000000 103:03 7610020                   /opt/comsol60/multiphysics/ext/graphicsmagick/glnxa64/libjpeg.so.8.4.0
7b95a1a4e000-7b95a1c4e000 ---p 0004e000 103:03 7610020                   /opt/comsol60/multiphysics/ext/graphicsmagick/glnxa64/libjpeg.so.8.4.0
7b95a1c4e000-7b95a1c4f000 r--p 0004e000 103:03 7610020                   /opt/comsol60/multiphysics/ext/graphicsmagick/glnxa64/libjpeg.so.8.4.0
7b95a1c4f000-7b95a1c50000 rw-p 0004f000 103:03 7610020                   /opt/comsol60/multiphysics/ext/graphicsmagick/glnxa64/libjpeg.so.8.4.0
7b95a1c50000-7b95a1c51000 r--s 00000000 103:03 111678460                 /var/cache/fontconfig/39d2e630-06be-4fbb-8a33-9de8c1da1927-le64.cache-7
7b95a1c51000-7b95a1c52000 r--s 00000000 103:03 111680579                 /var/cache/fontconfig/c8762f90-83b7-424b-b964-fb36fb26625a-le64.cache-7
7b95a1c52000-7b95a1c53000 r--s 00000000 103:03 111680577                 /var/cache/fontconfig/59915124-4011-4c3f-9983-2ae07168ef52-le64.cache-7
7b95a1c53000-7b95a1c59000 r--s 00000000 103:03 111680497                 /var/cache/fontconfig/47f594b0-8750-4281-bd13-eb3ea8fb9ee1-le64.cache-7
7b95a1c59000-7b95a1c69000 r--s 00000000 103:03 111680024                 /var/cache/fontconfig/9054bcd5-73bf-49ea-9b71-09dc886f2aed-le64.cache-7
7b95a1c69000-7b95a1c7c000 r--s 00000000 103:03 111682886                 /var/cache/fontconfig/27841699-ad63-4493-a557-ff585a583ec1-le64.cache-7
7b95a1c7c000-7b95a2000000 rw-p 00000000 00:00 0 
7b95a2000000-7b95a2032000 r-xp 00000000 103:03 5903037                   /opt/MATLAB/R2023a/bin/glnxa64/libpng16.so.16.37.0
7b95a2032000-7b95a2231000 ---p 00032000 103:03 5903037                   /opt/MATLAB/R2023a/bin/glnxa64/libpng16.so.16.37.0
7b95a2231000-7b95a2232000 r--p 00031000 103:03 5903037                   /opt/MATLAB/R2023a/bin/glnxa64/libpng16.so.16.37.0
7b95a2232000-7b95a2233000 rw-p 00032000 103:03 5903037                   /opt/MATLAB/R2023a/bin/glnxa64/libpng16.so.16.37.0
7b95a2233000-7b95a2235000 r--s 00000000 103:03 111683246                 /var/cache/fontconfig/5f82e2c4-d3b7-48a0-8110-21e6b9b66773-le64.cache-7
7b95a2235000-7b95a2236000 r--s 00000000 103:03 111680495                 /var/cache/fontconfig/1f1d5081-210d-4917-8409-ab7cfdb98ea4-le64.cache-7
7b95a2236000-7b95a224f000 r--s 00000000 103:03 111683343                 /var/cache/fontconfig/6e2f39ef-76d9-4df5-aadb-63cdeabfdff8-le64.cache-7
7b95a224f000-7b95a2271000 r--s 00000000 103:03 111683347                 /var/cache/fontconfig/67b3d435-46b4-484a-adea-f102ad8f2d60-le64.cache-7
7b95a2271000-7b95a2600000 rw-p 00000000 00:00 0 
7b95a2600000-7b95a2611000 r-xp 00000000 103:03 5905564                   /opt/MATLAB/R2023a/bin/glnxa64/libXext.so.6.4.0
7b95a2611000-7b95a2810000 ---p 00011000 103:03 5905564                   /opt/MATLAB/R2023a/bin/glnxa64/libXext.so.6.4.0
7b95a2810000-7b95a2811000 r--p 00010000 103:03 5905564                   /opt/MATLAB/R2023a/bin/glnxa64/libXext.so.6.4.0
7b95a2811000-7b95a2812000 rw-p 00011000 103:03 5905564                   /opt/MATLAB/R2023a/bin/glnxa64/libXext.so.6.4.0
7b95a2812000-7b95a2813000 r--s 00000000 103:03 111680493                 /var/cache/fontconfig/8093e153-c232-4646-943a-91f530eaf0df-le64.cache-7
7b95a2813000-7b95a2814000 r--s 00000000 103:03 111680491                 /var/cache/fontconfig/4c09628d-916e-4f3d-bf00-b6d424f6a7e2-le64.cache-7
7b95a2814000-7b95a2815000 r--s 00000000 103:03 111680485                 /var/cache/fontconfig/96d5dc50-cb83-40be-99e4-4bbbd24f6096-le64.cache-7
7b95a2815000-7b95a2818000 r--s 00000000 103:03 111680481                 /var/cache/fontconfig/b78f19db-23c8-4747-864d-869cad906a6e-le64.cache-7
7b95a2818000-7b95a281a000 r--s 00000000 103:03 111680476                 /var/cache/fontconfig/8162b8dd-4ff1-4020-9341-c8bf9a83973c-le64.cache-7
7b95a281a000-7b95a281d000 r--s 00000000 103:03 111680474                 /var/cache/fontconfig/435c4d40-a5da-43cb-ad47-80a42bed749f-le64.cache-7
7b95a281d000-7b95a2842000 r--s 00000000 103:03 11537454                  /usr/share/mime/mime.cache
7b95a2842000-7b95a286a000 rw-p 00000000 00:00 0 
7b95a286a000-7b95a286b000 ---p 00000000 00:00 0 
7b95a286b000-7b95a296c000 rw-p 00000000 00:00 0 
7b95a296c000-7b95a297e000 rw-p 00000000 00:00 0 
7b95a297e000-7b95a2a55000 ---p 00000000 00:00 0 
7b95a2a55000-7b95a2a91000 rw-p 00000000 00:00 0 
7b95a2a91000-7b95a2b3e000 ---p 00000000 00:00 0 
7b95a2b40000-7b95a2b41000 r--p 00000000 103:03 11553758                  /usr/lib/x86_64-linux-gnu/libharfbuzz-icu.so.0.20704.0
7b95a2b41000-7b95a2b42000 r-xp 00001000 103:03 11553758                  /usr/lib/x86_64-linux-gnu/libharfbuzz-icu.so.0.20704.0
7b95a2b42000-7b95a2b43000 r--p 00002000 103:03 11553758                  /usr/lib/x86_64-linux-gnu/libharfbuzz-icu.so.0.20704.0
7b95a2b43000-7b95a2b44000 r--p 00002000 103:03 11553758                  /usr/lib/x86_64-linux-gnu/libharfbuzz-icu.so.0.20704.0
7b95a2b44000-7b95a2b45000 rw-p 00003000 103:03 11553758                  /usr/lib/x86_64-linux-gnu/libharfbuzz-icu.so.0.20704.0
7b95a2b45000-7b95a2b84000 r-xp 00000000 103:03 5901847                   /opt/MATLAB/R2023a/bin/glnxa64/libxslt.so.1.1.37
7b95a2b84000-7b95a2b85000 r--p 0003e000 103:03 5901847                   /opt/MATLAB/R2023a/bin/glnxa64/libxslt.so.1.1.37
7b95a2b85000-7b95a2b86000 rw-p 0003f000 103:03 5901847                   /opt/MATLAB/R2023a/bin/glnxa64/libxslt.so.1.1.37
7b95a2b86000-7b95a2b87000 rw-p 00000000 00:00 0 
7b95a2b88000-7b95a2b8b000 r--p 00000000 103:03 5905650                   /opt/MATLAB/R2023a/bin/glnxa64/libxcb-xfixes.so.0.0.0
7b95a2b8b000-7b95a2b8e000 r-xp 00003000 103:03 5905650                   /opt/MATLAB/R2023a/bin/glnxa64/libxcb-xfixes.so.0.0.0
7b95a2b8e000-7b95a2b8f000 r--p 00006000 103:03 5905650                   /opt/MATLAB/R2023a/bin/glnxa64/libxcb-xfixes.so.0.0.0
7b95a2b8f000-7b95a2b90000 ---p 00007000 103:03 5905650                   /opt/MATLAB/R2023a/bin/glnxa64/libxcb-xfixes.so.0.0.0
7b95a2b90000-7b95a2b91000 r--p 00007000 103:03 5905650                   /opt/MATLAB/R2023a/bin/glnxa64/libxcb-xfixes.so.0.0.0
7b95a2b91000-7b95a2b92000 rw-p 00008000 103:03 5905650                   /opt/MATLAB/R2023a/bin/glnxa64/libxcb-xfixes.so.0.0.0
7b95a2b92000-7b95a2b94000 r--p 00000000 103:03 11554499                  /usr/lib/x86_64-linux-gnu/libxcb-dri2.so.0.0.0
7b95a2b94000-7b95a2b96000 r-xp 00002000 103:03 11554499                  /usr/lib/x86_64-linux-gnu/libxcb-dri2.so.0.0.0
7b95a2b96000-7b95a2b97000 r--p 00004000 103:03 11554499                  /usr/lib/x86_64-linux-gnu/libxcb-dri2.so.0.0.0
7b95a2b97000-7b95a2b98000 r--p 00004000 103:03 11554499                  /usr/lib/x86_64-linux-gnu/libxcb-dri2.so.0.0.0
7b95a2b98000-7b95a2b99000 rw-p 00005000 103:03 11554499                  /usr/lib/x86_64-linux-gnu/libxcb-dri2.so.0.0.0
7b95a2b99000-7b95a2b9a000 r-xp 00000000 00:00 0 
7b95a2b9a000-7b95a2ba1000 rw-p 00000000 00:00 0 
7b95a2ba1000-7b95a2ba4000 rw-s 00000000 00:05 1048                       /dev/nvidiactl
7b95a2ba4000-7b95a2ba6000 rw-s 00000000 00:01 2074                       /memfd:/.glXXXXXX (deleted)
7b95a2ba6000-7b95a2ba7000 rw-s 00000000 00:05 1048                       /dev/nvidiactl
7b95a2ba7000-7b95a2ba8000 rw-s 00044000 00:01 9219                       /memfd:/.nvidia_drv.XXXXXX (deleted)
7b95a2ba8000-7b95a2ba9000 r--s 00000000 103:03 111680473                 /var/cache/fontconfig/586998f2-27fe-4733-bd38-98767de59d24-le64.cache-7
7b95a2ba9000-7b95a2bad000 r--s 00000000 103:03 111680466                 /var/cache/fontconfig/1494f336-aaf3-4b94-8dd2-fe17a28fde2f-le64.cache-7
7b95a2bad000-7b95a2bb0000 r--s 00000000 103:03 111673441                 /var/cache/fontconfig/fa1604a0-fbab-417b-9663-a91fb3575ee4-le64.cache-7
7b95a2bb0000-7b95a2bb3000 r--s 00000000 103:03 111683354                 /var/cache/fontconfig/ad026ac6-42e3-4085-9b02-b5679fa4a3a1-le64.cache-7
7b95a2bb3000-7b95a2bc1000 r--s 00000000 103:03 111683351                 /var/cache/fontconfig/caa5f108-0c03-49d3-af5b-47df1d35878e-le64.cache-7
7b95a2bc1000-7b95a2bc2000 r--p 00000000 103:03 11535252                  /usr/lib/x86_64-linux-gnu/gdk-pixbuf-2.0/2.10.0/loaders/libpixbufloader-bmp.so
7b95a2bc2000-7b95a2bc5000 r-xp 00001000 103:03 11535252                  /usr/lib/x86_64-linux-gnu/gdk-pixbuf-2.0/2.10.0/loaders/libpixbufloader-bmp.so
7b95a2bc5000-7b95a2bc6000 r--p 00004000 103:03 11535252                  /usr/lib/x86_64-linux-gnu/gdk-pixbuf-2.0/2.10.0/loaders/libpixbufloader-bmp.so
7b95a2bc6000-7b95a2bc7000 r--p 00004000 103:03 11535252                  /usr/lib/x86_64-linux-gnu/gdk-pixbuf-2.0/2.10.0/loaders/libpixbufloader-bmp.so
7b95a2bc7000-7b95a2bc8000 rw-p 00005000 103:03 11535252                  /usr/lib/x86_64-linux-gnu/gdk-pixbuf-2.0/2.10.0/loaders/libpixbufloader-bmp.so
7b95a2bc8000-7b95a2bca000 r--p 00000000 103:03 11554078                  /usr/lib/x86_64-linux-gnu/libogg.so.0.8.5
7b95a2bca000-7b95a2bcd000 r-xp 00002000 103:03 11554078                  /usr/lib/x86_64-linux-gnu/libogg.so.0.8.5
7b95a2bcd000-7b95a2bd0000 r--p 00005000 103:03 11554078                  /usr/lib/x86_64-linux-gnu/libogg.so.0.8.5
7b95a2bd0000-7b95a2bd1000 ---p 00008000 103:03 11554078                  /usr/lib/x86_64-linux-gnu/libogg.so.0.8.5
7b95a2bd1000-7b95a2bd2000 r--p 00008000 103:03 11554078                  /usr/lib/x86_64-linux-gnu/libogg.so.0.8.5
7b95a2bd2000-7b95a2bd3000 rw-p 00009000 103:03 11554078                  /usr/lib/x86_64-linux-gnu/libogg.so.0.8.5
7b95a2bd3000-7b95a2bd6000 r--p 00000000 103:03 11554440                  /usr/lib/x86_64-linux-gnu/libvorbis.so.0.4.9
7b95a2bd6000-7b95a2bed000 r-xp 00003000 103:03 11554440                  /usr/lib/x86_64-linux-gnu/libvorbis.so.0.4.9
7b95a2bed000-7b95a2bfe000 r--p 0001a000 103:03 11554440                  /usr/lib/x86_64-linux-gnu/libvorbis.so.0.4.9
7b95a2bfe000-7b95a2bff000 r--p 0002a000 103:03 11554440                  /usr/lib/x86_64-linux-gnu/libvorbis.so.0.4.9
7b95a2bff000-7b95a2c00000 rw-p 0002b000 103:03 11554440                  /usr/lib/x86_64-linux-gnu/libvorbis.so.0.4.9
7b95a2c00000-7b95a2d35000 r-xp 00000000 103:03 5905567                   /opt/MATLAB/R2023a/bin/glnxa64/libX11.so.6.4.0
7b95a2d35000-7b95a2f35000 ---p 00135000 103:03 5905567                   /opt/MATLAB/R2023a/bin/glnxa64/libX11.so.6.4.0
7b95a2f35000-7b95a2f36000 r--p 00135000 103:03 5905567                   /opt/MATLAB/R2023a/bin/glnxa64/libX11.so.6.4.0
7b95a2f36000-7b95a2f3b000 rw-p 00136000 103:03 5905567                   /opt/MATLAB/R2023a/bin/glnxa64/libX11.so.6.4.0
7b95a2f3b000-7b95a2f3c000 r--s 00000000 103:03 111683491                 /var/cache/fontconfig/df7e2661-4d8d-4cff-a5cd-8d9ef6b446d4-le64.cache-7
7b95a2f3c000-7b95a2f3d000 r--s 00000000 103:03 111680465                 /var/cache/fontconfig/2a43860a-b851-4792-b85d-413863a50a62-le64.cache-7
7b95a2f3d000-7b95a2f40000 r--p 00000000 103:03 11554342                  /usr/lib/x86_64-linux-gnu/libtdb.so.1.4.5
7b95a2f40000-7b95a2f4d000 r-xp 00003000 103:03 11554342                  /usr/lib/x86_64-linux-gnu/libtdb.so.1.4.5
7b95a2f4d000-7b95a2f52000 r--p 00010000 103:03 11554342                  /usr/lib/x86_64-linux-gnu/libtdb.so.1.4.5
7b95a2f52000-7b95a2f53000 ---p 00015000 103:03 11554342                  /usr/lib/x86_64-linux-gnu/libtdb.so.1.4.5
7b95a2f53000-7b95a2f54000 r--p 00015000 103:03 11554342                  /usr/lib/x86_64-linux-gnu/libtdb.so.1.4.5
7b95a2f54000-7b95a2f55000 rw-p 00016000 103:03 11554342                  /usr/lib/x86_64-linux-gnu/libtdb.so.1.4.5
7b95a2f55000-7b95a2f58000 r--p 00000000 103:03 11548408                  /usr/lib/x86_64-linux-gnu/libcanberra.so.0.2.5
7b95a2f58000-7b95a2f62000 r-xp 00003000 103:03 11548408                  /usr/lib/x86_64-linux-gnu/libcanberra.so.0.2.5
7b95a2f62000-7b95a2f66000 r--p 0000d000 103:03 11548408                  /usr/lib/x86_64-linux-gnu/libcanberra.so.0.2.5
7b95a2f66000-7b95a2f67000 r--p 00010000 103:03 11548408                  /usr/lib/x86_64-linux-gnu/libcanberra.so.0.2.5
7b95a2f67000-7b95a2f68000 rw-p 00011000 103:03 11548408                  /usr/lib/x86_64-linux-gnu/libcanberra.so.0.2.5
7b95a2f68000-7b95a2fa9000 rw-p 00000000 00:00 0 
7b95a2fa9000-7b95a2faa000 r--s 00000000 103:03 111680464                 /var/cache/fontconfig/96457616-4151-4553-b247-9cc1ed26806e-le64.cache-7
7b95a2faa000-7b95a2fab000 r--s 00000000 103:03 111680455                 /var/cache/fontconfig/1fea8e12-06b9-4ce9-8f94-77734175987f-le64.cache-7
7b95a2fab000-7b95a2fac000 r--p 00000000 103:03 11534926                  /usr/lib/x86_64-linux-gnu/librt.so.1
7b95a2fac000-7b95a2fad000 r-xp 00001000 103:03 11534926                  /usr/lib/x86_64-linux-gnu/librt.so.1
7b95a2fad000-7b95a2fae000 r--p 00002000 103:03 11534926                  /usr/lib/x86_64-linux-gnu/librt.so.1
7b95a2fae000-7b95a2faf000 r--p 00002000 103:03 11534926                  /usr/lib/x86_64-linux-gnu/librt.so.1
7b95a2faf000-7b95a2fb0000 rw-p 00003000 103:03 11534926                  /usr/lib/x86_64-linux-gnu/librt.so.1
7b95a2fb0000-7b95a2fb1000 r--s 00000000 103:03 111680422                 /var/cache/fontconfig/d206a510-c53e-469a-9760-e458a16066d4-le64.cache-7
7b95a2fb1000-7b95a2fb2000 r--s 00000000 103:03 111680421                 /var/cache/fontconfig/b1c67a8c-a347-46d4-9845-e6ce1f85fa33-le64.cache-7
7b95a2fb2000-7b95a2fba000 rw-p 00000000 00:00 0 
7b95a2fba000-7b95a2fc2000 ---p 00000000 00:00 0 
7b95a2fc2000-7b95a2fca000 rw-s 00000000 103:03 55968263                  /tmp/hsperfdata_frocha/12241
7b95a2fca000-7b95a2fdc000 r--p 00000000 103:03 11540471                  /usr/lib/x86_64-linux-gnu/gvfs/libgvfscommon.so
7b95a2fdc000-7b95a2ff8000 r-xp 00012000 103:03 11540471                  /usr/lib/x86_64-linux-gnu/gvfs/libgvfscommon.so
7b95a2ff8000-7b95a3005000 r--p 0002e000 103:03 11540471                  /usr/lib/x86_64-linux-gnu/gvfs/libgvfscommon.so
7b95a3005000-7b95a3006000 ---p 0003b000 103:03 11540471                  /usr/lib/x86_64-linux-gnu/gvfs/libgvfscommon.so
7b95a3006000-7b95a300c000 r--p 0003b000 103:03 11540471                  /usr/lib/x86_64-linux-gnu/gvfs/libgvfscommon.so
7b95a300c000-7b95a300d000 rw-p 00041000 103:03 11540471                  /usr/lib/x86_64-linux-gnu/gvfs/libgvfscommon.so
7b95a300d000-7b95a3017000 r--p 00000000 103:03 11540433                  /usr/lib/x86_64-linux-gnu/gio/modules/libgvfsdbus.so
7b95a3017000-7b95a3035000 r-xp 0000a000 103:03 11540433                  /usr/lib/x86_64-linux-gnu/gio/modules/libgvfsdbus.so
7b95a3035000-7b95a303f000 r--p 00028000 103:03 11540433                  /usr/lib/x86_64-linux-gnu/gio/modules/libgvfsdbus.so
7b95a303f000-7b95a3041000 r--p 00031000 103:03 11540433                  /usr/lib/x86_64-linux-gnu/gio/modules/libgvfsdbus.so
7b95a3041000-7b95a3042000 rw-p 00033000 103:03 11540433                  /usr/lib/x86_64-linux-gnu/gio/modules/libgvfsdbus.so
7b95a3042000-7b95a30f7000 r--p 00000000 103:03 11933977                  /usr/share/themes/Yaru/gtk-3.0/gtk.gresource
7b95a30f7000-7b95a3106000 r--p 00000000 103:03 11553285                  /usr/lib/x86_64-linux-gnu/libatspi.so.0.0.1
7b95a3106000-7b95a311f000 r-xp 0000f000 103:03 11553285                  /usr/lib/x86_64-linux-gnu/libatspi.so.0.0.1
7b95a311f000-7b95a312d000 r--p 00028000 103:03 11553285                  /usr/lib/x86_64-linux-gnu/libatspi.so.0.0.1
7b95a312d000-7b95a3130000 r--p 00035000 103:03 11553285                  /usr/lib/x86_64-linux-gnu/libatspi.so.0.0.1
7b95a3130000-7b95a3131000 rw-p 00038000 103:03 11553285                  /usr/lib/x86_64-linux-gnu/libatspi.so.0.0.1
7b95a3131000-7b95a313d000 r--p 00000000 103:03 11553277                  /usr/lib/x86_64-linux-gnu/libatk-bridge-2.0.so.0.0.0
7b95a313d000-7b95a3156000 r-xp 0000c000 103:03 11553277                  /usr/lib/x86_64-linux-gnu/libatk-bridge-2.0.so.0.0.0
7b95a3156000-7b95a3165000 r--p 00025000 103:03 11553277                  /usr/lib/x86_64-linux-gnu/libatk-bridge-2.0.so.0.0.0
7b95a3165000-7b95a3166000 ---p 00034000 103:03 11553277                  /usr/lib/x86_64-linux-gnu/libatk-bridge-2.0.so.0.0.0
7b95a3166000-7b95a3167000 r--p 00034000 103:03 11553277                  /usr/lib/x86_64-linux-gnu/libatk-bridge-2.0.so.0.0.0
7b95a3167000-7b95a3169000 rw-p 00035000 103:03 11553277                  /usr/lib/x86_64-linux-gnu/libatk-bridge-2.0.so.0.0.0
7b95a3169000-7b95a316b000 r--p 00000000 103:03 11534492                  /usr/lib/x86_64-linux-gnu/libpcre2-8.so.0.10.4
7b95a316b000-7b95a31d6000 r-xp 00002000 103:03 11534492                  /usr/lib/x86_64-linux-gnu/libpcre2-8.so.0.10.4
7b95a31d6000-7b95a31fe000 r--p 0006d000 103:03 11534492                  /usr/lib/x86_64-linux-gnu/libpcre2-8.so.0.10.4
7b95a31fe000-7b95a31ff000 r--p 00094000 103:03 11534492                  /usr/lib/x86_64-linux-gnu/libpcre2-8.so.0.10.4
7b95a31ff000-7b95a3200000 rw-p 00095000 103:03 11534492                  /usr/lib/x86_64-linux-gnu/libpcre2-8.so.0.10.4
7b95a3200000-7b95a320f000 r-xp 00000000 103:03 5905623                   /opt/MATLAB/R2023a/bin/glnxa64/libXi.so.6.1.0
7b95a320f000-7b95a340e000 ---p 0000f000 103:03 5905623                   /opt/MATLAB/R2023a/bin/glnxa64/libXi.so.6.1.0
7b95a340e000-7b95a340f000 r--p 0000e000 103:03 5905623                   /opt/MATLAB/R2023a/bin/glnxa64/libXi.so.6.1.0
7b95a340f000-7b95a3410000 rw-p 0000f000 103:03 5905623                   /opt/MATLAB/R2023a/bin/glnxa64/libXi.so.6.1.0
7b95a3410000-7b95a3411000 r--s 00000000 103:03 111680039                 /var/cache/fontconfig/0ba9d023-51ae-4acd-8372-8d38ea4e4078-le64.cache-7
7b95a3411000-7b95a3413000 r--p 00000000 103:03 11554444                  /usr/lib/x86_64-linux-gnu/libvorbisfile.so.3.3.8
7b95a3413000-7b95a3418000 r-xp 00002000 103:03 11554444                  /usr/lib/x86_64-linux-gnu/libvorbisfile.so.3.3.8
7b95a3418000-7b95a3419000 r--p 00007000 103:03 11554444                  /usr/lib/x86_64-linux-gnu/libvorbisfile.so.3.3.8
7b95a3419000-7b95a341a000 ---p 00008000 103:03 11554444                  /usr/lib/x86_64-linux-gnu/libvorbisfile.so.3.3.8
7b95a341a000-7b95a341b000 r--p 00008000 103:03 11554444                  /usr/lib/x86_64-linux-gnu/libvorbisfile.so.3.3.8
7b95a341b000-7b95a341c000 rw-p 00009000 103:03 11554444                  /usr/lib/x86_64-linux-gnu/libvorbisfile.so.3.3.8
7b95a341c000-7b95a341e000 r--p 00000000 103:03 11535380                  /usr/lib/x86_64-linux-gnu/gtk-3.0/modules/libcanberra-gtk3-module.so
7b95a341e000-7b95a3421000 r-xp 00002000 103:03 11535380                  /usr/lib/x86_64-linux-gnu/gtk-3.0/modules/libcanberra-gtk3-module.so
7b95a3421000-7b95a3422000 r--p 00005000 103:03 11535380                  /usr/lib/x86_64-linux-gnu/gtk-3.0/modules/libcanberra-gtk3-module.so
7b95a3422000-7b95a3423000 ---p 00006000 103:03 11535380                  /usr/lib/x86_64-linux-gnu/gtk-3.0/modules/libcanberra-gtk3-module.so
7b95a3423000-7b95a3424000 r--p 00006000 103:03 11535380                  /usr/lib/x86_64-linux-gnu/gtk-3.0/modules/libcanberra-gtk3-module.so
7b95a3424000-7b95a3425000 rw-p 00007000 103:03 11535380                  /usr/lib/x86_64-linux-gnu/gtk-3.0/modules/libcanberra-gtk3-module.so
7b95a3425000-7b95a3430000 r--p 00000000 103:03 11553275                  /usr/lib/x86_64-linux-gnu/libatk-1.0.so.0.23609.1
7b95a3430000-7b95a343f000 r-xp 0000b000 103:03 11553275                  /usr/lib/x86_64-linux-gnu/libatk-1.0.so.0.23609.1
7b95a343f000-7b95a344b000 r--p 0001a000 103:03 11553275                  /usr/lib/x86_64-linux-gnu/libatk-1.0.so.0.23609.1
7b95a344b000-7b95a344e000 r--p 00025000 103:03 11553275                  /usr/lib/x86_64-linux-gnu/libatk-1.0.so.0.23609.1
7b95a344e000-7b95a344f000 rw-p 00028000 103:03 11553275                  /usr/lib/x86_64-linux-gnu/libatk-1.0.so.0.23609.1
7b95a344f000-7b95a3453000 r--p 00000000 103:03 5905670                   /opt/MATLAB/R2023a/bin/glnxa64/libbsd.so.0.10.0
7b95a3453000-7b95a3461000 r-xp 00004000 103:03 5905670                   /opt/MATLAB/R2023a/bin/glnxa64/libbsd.so.0.10.0
7b95a3461000-7b95a3464000 r--p 00012000 103:03 5905670                   /opt/MATLAB/R2023a/bin/glnxa64/libbsd.so.0.10.0
7b95a3464000-7b95a3465000 ---p 00015000 103:03 5905670                   /opt/MATLAB/R2023a/bin/glnxa64/libbsd.so.0.10.0
7b95a3465000-7b95a3466000 r--p 00015000 103:03 5905670                   /opt/MATLAB/R2023a/bin/glnxa64/libbsd.so.0.10.0
7b95a3466000-7b95a3467000 rw-p 00016000 103:03 5905670                   /opt/MATLAB/R2023a/bin/glnxa64/libbsd.so.0.10.0
7b95a3467000-7b95a3468000 rw-p 00000000 00:00 0 
7b95a3468000-7b95a346f000 r--p 00000000 103:03 11536411                  /usr/lib/x86_64-linux-gnu/libblkid.so.1.1.0
7b95a346f000-7b95a348f000 r-xp 00007000 103:03 11536411                  /usr/lib/x86_64-linux-gnu/libblkid.so.1.1.0
7b95a348f000-7b95a3498000 r--p 00027000 103:03 11536411                  /usr/lib/x86_64-linux-gnu/libblkid.so.1.1.0
7b95a3498000-7b95a3499000 ---p 00030000 103:03 11536411                  /usr/lib/x86_64-linux-gnu/libblkid.so.1.1.0
7b95a3499000-7b95a349e000 r--p 00030000 103:03 11536411                  /usr/lib/x86_64-linux-gnu/libblkid.so.1.1.0
7b95a349e000-7b95a349f000 rw-p 00035000 103:03 11536411                  /usr/lib/x86_64-linux-gnu/libblkid.so.1.1.0
7b95a349f000-7b95a34a1000 r--p 00000000 103:03 11553445                  /usr/lib/x86_64-linux-gnu/libdatrie.so.1.4.0
7b95a34a1000-7b95a34a5000 r-xp 00002000 103:03 11553445                  /usr/lib/x86_64-linux-gnu/libdatrie.so.1.4.0
7b95a34a5000-7b95a34a6000 r--p 00006000 103:03 11553445                  /usr/lib/x86_64-linux-gnu/libdatrie.so.1.4.0
7b95a34a6000-7b95a34a7000 r--p 00007000 103:03 11553445                  /usr/lib/x86_64-linux-gnu/libdatrie.so.1.4.0
7b95a34a7000-7b95a34a8000 rw-p 00008000 103:03 11553445                  /usr/lib/x86_64-linux-gnu/libdatrie.so.1.4.0
7b95a34a8000-7b95a34ab000 r--p 00000000 103:03 11553729                  /usr/lib/x86_64-linux-gnu/libgraphite2.so.3.2.1
7b95a34ab000-7b95a34c8000 r-xp 00003000 103:03 11553729                  /usr/lib/x86_64-linux-gnu/libgraphite2.so.3.2.1
7b95a34c8000-7b95a34cc000 r--p 00020000 103:03 11553729                  /usr/lib/x86_64-linux-gnu/libgraphite2.so.3.2.1
7b95a34cc000-7b95a34ce000 r--p 00023000 103:03 11553729                  /usr/lib/x86_64-linux-gnu/libgraphite2.so.3.2.1
7b95a34ce000-7b95a34cf000 rw-p 00025000 103:03 11553729                  /usr/lib/x86_64-linux-gnu/libgraphite2.so.3.2.1
7b95a34cf000-7b95a34d9000 r--p 00000000 103:03 11555695                  /usr/lib/x86_64-linux-gnu/libpixman-1.so.0.40.0
7b95a34d9000-7b95a355f000 r-xp 0000a000 103:03 11555695                  /usr/lib/x86_64-linux-gnu/libpixman-1.so.0.40.0
7b95a355f000-7b95a3571000 r--p 00090000 103:03 11555695                  /usr/lib/x86_64-linux-gnu/libpixman-1.so.0.40.0
7b95a3571000-7b95a3579000 r--p 000a1000 103:03 11555695                  /usr/lib/x86_64-linux-gnu/libpixman-1.so.0.40.0
7b95a3579000-7b95a357a000 rw-p 000a9000 103:03 11555695                  /usr/lib/x86_64-linux-gnu/libpixman-1.so.0.40.0
7b95a357a000-7b95a3586000 r--p 00000000 103:03 5905634                   /opt/MATLAB/R2023a/bin/glnxa64/libxcb.so.1.1.0
7b95a3586000-7b95a3599000 r-xp 0000c000 103:03 5905634                   /opt/MATLAB/R2023a/bin/glnxa64/libxcb.so.1.1.0
7b95a3599000-7b95a35a2000 r--p 0001f000 103:03 5905634                   /opt/MATLAB/R2023a/bin/glnxa64/libxcb.so.1.1.0
7b95a35a2000-7b95a35a3000 r--p 00027000 103:03 5905634                   /opt/MATLAB/R2023a/bin/glnxa64/libxcb.so.1.1.0
7b95a35a3000-7b95a35a4000 rw-p 00028000 103:03 5905634                   /opt/MATLAB/R2023a/bin/glnxa64/libxcb.so.1.1.0
7b95a35a4000-7b95a35d0000 r-xp 00000000 103:03 5900667                   /opt/MATLAB/R2023a/bin/glnxa64/libexpat.so.1.8.7
7b95a35d0000-7b95a35d1000 ---p 0002c000 103:03 5900667                   /opt/MATLAB/R2023a/bin/glnxa64/libexpat.so.1.8.7
7b95a35d1000-7b95a35d3000 r--p 0002c000 103:03 5900667                   /opt/MATLAB/R2023a/bin/glnxa64/libexpat.so.1.8.7
7b95a35d3000-7b95a35d4000 rw-p 0002e000 103:03 5900667                   /opt/MATLAB/R2023a/bin/glnxa64/libexpat.so.1.8.7
7b95a35d4000-7b95a35d6000 r--p 00000000 103:03 11534699                  /usr/lib/x86_64-linux-gnu/libpcre.so.3.13.3
7b95a35d6000-7b95a362b000 r-xp 00002000 103:03 11534699                  /usr/lib/x86_64-linux-gnu/libpcre.so.3.13.3
7b95a362b000-7b95a3648000 r--p 00057000 103:03 11534699                  /usr/lib/x86_64-linux-gnu/libpcre.so.3.13.3
7b95a3648000-7b95a3649000 r--p 00073000 103:03 11534699                  /usr/lib/x86_64-linux-gnu/libpcre.so.3.13.3
7b95a3649000-7b95a364a000 rw-p 00074000 103:03 11534699                  /usr/lib/x86_64-linux-gnu/libpcre.so.3.13.3
7b95a364a000-7b95a3653000 r--p 00000000 103:03 11551909                  /usr/lib/x86_64-linux-gnu/libharfbuzz.so.0.20704.0
7b95a3653000-7b95a36e4000 r-xp 00009000 103:03 11551909                  /usr/lib/x86_64-linux-gnu/libharfbuzz.so.0.20704.0
7b95a36e4000-7b95a3716000 r--p 0009a000 103:03 11551909                  /usr/lib/x86_64-linux-gnu/libharfbuzz.so.0.20704.0
7b95a3716000-7b95a3717000 ---p 000cc000 103:03 11551909                  /usr/lib/x86_64-linux-gnu/libharfbuzz.so.0.20704.0
7b95a3717000-7b95a3718000 r--p 000cc000 103:03 11551909                  /usr/lib/x86_64-linux-gnu/libharfbuzz.so.0.20704.0
7b95a3718000-7b95a3719000 rw-p 000cd000 103:03 11551909                  /usr/lib/x86_64-linux-gnu/libharfbuzz.so.0.20704.0
7b95a3719000-7b95a3727000 r--p 00000000 103:03 11534782                  /usr/lib/x86_64-linux-gnu/libm.so.6
7b95a3727000-7b95a37a3000 r-xp 0000e000 103:03 11534782                  /usr/lib/x86_64-linux-gnu/libm.so.6
7b95a37a3000-7b95a37fe000 r--p 0008a000 103:03 11534782                  /usr/lib/x86_64-linux-gnu/libm.so.6
7b95a37fe000-7b95a37ff000 r--p 000e4000 103:03 11534782                  /usr/lib/x86_64-linux-gnu/libm.so.6
7b95a37ff000-7b95a3800000 rw-p 000e5000 103:03 11534782                  /usr/lib/x86_64-linux-gnu/libm.so.6
7b95a3800000-7b95a380e000 r-xp 00000000 103:03 7605369                   /opt/comsol60/multiphysics/bin/glnxa64/comsol_1312.so
7b95a380e000-7b95a3a0e000 ---p 0000e000 103:03 7605369                   /opt/comsol60/multiphysics/bin/glnxa64/comsol_1312.so
7b95a3a0e000-7b95a3a0f000 r--p 0000e000 103:03 7605369                   /opt/comsol60/multiphysics/bin/glnxa64/comsol_1312.so
7b95a3a0f000-7b95a3a10000 rw-p 0000f000 103:03 7605369                   /opt/comsol60/multiphysics/bin/glnxa64/comsol_1312.so
7b95a3a10000-7b95a3a11000 r--s 00000000 103:03 111680030                 /var/cache/fontconfig/01e81a42-ac2c-4934-a34a-f1b80d2cc411-le64.cache-7
7b95a3a11000-7b95a3a12000 r--s 00000000 103:03 111683490                 /var/cache/fontconfig/d5e7522b-af4a-4eb0-ae0d-4a3cdb4b4c39-le64.cache-7
7b95a3a12000-7b95a3a17000 r--p 00000000 103:03 5905537                   /opt/MATLAB/R2023a/bin/glnxa64/libxcb-render.so.0.0.0
7b95a3a17000-7b95a3a1c000 r-xp 00005000 103:03 5905537                   /opt/MATLAB/R2023a/bin/glnxa64/libxcb-render.so.0.0.0
7b95a3a1c000-7b95a3a1e000 r--p 0000a000 103:03 5905537                   /opt/MATLAB/R2023a/bin/glnxa64/libxcb-render.so.0.0.0
7b95a3a1e000-7b95a3a1f000 ---p 0000c000 103:03 5905537                   /opt/MATLAB/R2023a/bin/glnxa64/libxcb-render.so.0.0.0
7b95a3a1f000-7b95a3a20000 r--p 0000c000 103:03 5905537                   /opt/MATLAB/R2023a/bin/glnxa64/libxcb-render.so.0.0.0
7b95a3a20000-7b95a3a21000 rw-p 0000d000 103:03 5905537                   /opt/MATLAB/R2023a/bin/glnxa64/libxcb-render.so.0.0.0
7b95a3a21000-7b95a3a23000 r--p 00000000 103:03 11553568                  /usr/lib/x86_64-linux-gnu/libffi.so.8.1.0
7b95a3a23000-7b95a3a2a000 r-xp 00002000 103:03 11553568                  /usr/lib/x86_64-linux-gnu/libffi.so.8.1.0
7b95a3a2a000-7b95a3a2b000 r--p 00009000 103:03 11553568                  /usr/lib/x86_64-linux-gnu/libffi.so.8.1.0
7b95a3a2b000-7b95a3a2c000 ---p 0000a000 103:03 11553568                  /usr/lib/x86_64-linux-gnu/libffi.so.8.1.0
7b95a3a2c000-7b95a3a2d000 r--p 0000a000 103:03 11553568                  /usr/lib/x86_64-linux-gnu/libffi.so.8.1.0
7b95a3a2d000-7b95a3a2e000 rw-p 0000b000 103:03 11553568                  /usr/lib/x86_64-linux-gnu/libffi.so.8.1.0
7b95a3a2e000-7b95a3a34000 r--p 00000000 103:03 11554261                  /usr/lib/x86_64-linux-gnu/libselinux.so.1
7b95a3a34000-7b95a3a4e000 r-xp 00006000 103:03 11554261                  /usr/lib/x86_64-linux-gnu/libselinux.so.1
7b95a3a4e000-7b95a3a55000 r--p 00020000 103:03 11554261                  /usr/lib/x86_64-linux-gnu/libselinux.so.1
7b95a3a55000-7b95a3a56000 ---p 00027000 103:03 11554261                  /usr/lib/x86_64-linux-gnu/libselinux.so.1
7b95a3a56000-7b95a3a57000 r--p 00027000 103:03 11554261                  /usr/lib/x86_64-linux-gnu/libselinux.so.1
7b95a3a57000-7b95a3a58000 rw-p 00028000 103:03 11554261                  /usr/lib/x86_64-linux-gnu/libselinux.so.1
7b95a3a58000-7b95a3a5a000 rw-p 00000000 00:00 0 
7b95a3a5a000-7b95a3a62000 r--p 00000000 103:03 11536416                  /usr/lib/x86_64-linux-gnu/libmount.so.1.1.0
7b95a3a62000-7b95a3a8e000 r-xp 00008000 103:03 11536416                  /usr/lib/x86_64-linux-gnu/libmount.so.1.1.0
7b95a3a8e000-7b95a3a9b000 r--p 00034000 103:03 11536416                  /usr/lib/x86_64-linux-gnu/libmount.so.1.1.0
7b95a3a9b000-7b95a3a9c000 ---p 00041000 103:03 11536416                  /usr/lib/x86_64-linux-gnu/libmount.so.1.1.0
7b95a3a9c000-7b95a3a9d000 r--p 00041000 103:03 11536416                  /usr/lib/x86_64-linux-gnu/libmount.so.1.1.0
7b95a3a9d000-7b95a3a9e000 rw-p 00042000 103:03 11536416                  /usr/lib/x86_64-linux-gnu/libmount.so.1.1.0
7b95a3a9e000-7b95a3aa0000 r--p 00000000 103:03 11554128                  /usr/lib/x86_64-linux-gnu/libz.so.1.2.11
7b95a3aa0000-7b95a3ab1000 r-xp 00002000 103:03 11554128                  /usr/lib/x86_64-linux-gnu/libz.so.1.2.11
7b95a3ab1000-7b95a3ab7000 r--p 00013000 103:03 11554128                  /usr/lib/x86_64-linux-gnu/libz.so.1.2.11
7b95a3ab7000-7b95a3ab8000 ---p 00019000 103:03 11554128                  /usr/lib/x86_64-linux-gnu/libz.so.1.2.11
7b95a3ab8000-7b95a3ab9000 r--p 00019000 103:03 11554128                  /usr/lib/x86_64-linux-gnu/libz.so.1.2.11
7b95a3ab9000-7b95a3aba000 rw-p 0001a000 103:03 11554128                  /usr/lib/x86_64-linux-gnu/libz.so.1.2.11
7b95a3aba000-7b95a3ac1000 r--p 00000000 103:03 11551936                  /usr/lib/x86_64-linux-gnu/libpangoft2-1.0.so.0.5000.6
7b95a3ac1000-7b95a3ace000 r-xp 00007000 103:03 11551936                  /usr/lib/x86_64-linux-gnu/libpangoft2-1.0.so.0.5000.6
7b95a3ace000-7b95a3ad2000 r--p 00014000 103:03 11551936                  /usr/lib/x86_64-linux-gnu/libpangoft2-1.0.so.0.5000.6
7b95a3ad2000-7b95a3ad3000 ---p 00018000 103:03 11551936                  /usr/lib/x86_64-linux-gnu/libpangoft2-1.0.so.0.5000.6
7b95a3ad3000-7b95a3ad4000 r--p 00018000 103:03 11551936                  /usr/lib/x86_64-linux-gnu/libpangoft2-1.0.so.0.5000.6
7b95a3ad4000-7b95a3ad5000 rw-p 00019000 103:03 11551936                  /usr/lib/x86_64-linux-gnu/libpangoft2-1.0.so.0.5000.6
7b95a3ad5000-7b95a3ad7000 r--p 00000000 103:03 11536338                  /usr/lib/x86_64-linux-gnu/libfribidi.so.0.4.0
7b95a3ad7000-7b95a3ada000 r-xp 00002000 103:03 11536338                  /usr/lib/x86_64-linux-gnu/libfribidi.so.0.4.0
7b95a3ada000-7b95a3aef000 r--p 00005000 103:03 11536338                  /usr/lib/x86_64-linux-gnu/libfribidi.so.0.4.0
7b95a3aef000-7b95a3af0000 r--p 00019000 103:03 11536338                  /usr/lib/x86_64-linux-gnu/libfribidi.so.0.4.0
7b95a3af0000-7b95a3af1000 rw-p 0001a000 103:03 11536338                  /usr/lib/x86_64-linux-gnu/libfribidi.so.0.4.0
7b95a3af1000-7b95a3b51000 r--p 00000000 103:03 11553538                  /usr/lib/x86_64-linux-gnu/libepoxy.so.0.0.0
7b95a3b51000-7b95a3bba000 r-xp 00060000 103:03 11553538                  /usr/lib/x86_64-linux-gnu/libepoxy.so.0.0.0
7b95a3bba000-7b95a3c17000 r--p 000c9000 103:03 11553538                  /usr/lib/x86_64-linux-gnu/libepoxy.so.0.0.0
7b95a3c17000-7b95a3c1f000 r--p 00125000 103:03 11553538                  /usr/lib/x86_64-linux-gnu/libepoxy.so.0.0.0
7b95a3c1f000-7b95a3c26000 rw-p 0012d000 103:03 11553538                  /usr/lib/x86_64-linux-gnu/libepoxy.so.0.0.0
7b95a3c26000-7b95a3c5e000 r--p 00000000 103:03 11544006                  /usr/lib/x86_64-linux-gnu/libgio-2.0.so.0.7200.4
7b95a3c5e000-7b95a3d6f000 r-xp 00038000 103:03 11544006                  /usr/lib/x86_64-linux-gnu/libgio-2.0.so.0.7200.4
7b95a3d6f000-7b95a3df5000 r--p 00149000 103:03 11544006                  /usr/lib/x86_64-linux-gnu/libgio-2.0.so.0.7200.4
7b95a3df5000-7b95a3dfd000 r--p 001ce000 103:03 11544006                  /usr/lib/x86_64-linux-gnu/libgio-2.0.so.0.7200.4
7b95a3dfd000-7b95a3dfe000 rw-p 001d6000 103:03 11544006                  /usr/lib/x86_64-linux-gnu/libgio-2.0.so.0.7200.4
7b95a3dfe000-7b95a3e00000 rw-p 00000000 00:00 0 
7b95a3e00000-7b95a45f0000 r--p 00000000 103:03 11537519                  /usr/lib/locale/locale-archive
7b95a45f0000-7b95a45f2000 r--p 00000000 103:03 11542722                  /usr/lib/x86_64-linux-gnu/libuuid.so.1.3.0
7b95a45f2000-7b95a45f6000 r-xp 00002000 103:03 11542722                  /usr/lib/x86_64-linux-gnu/libuuid.so.1.3.0
7b95a45f6000-7b95a45f7000 r--p 00006000 103:03 11542722                  /usr/lib/x86_64-linux-gnu/libuuid.so.1.3.0
7b95a45f7000-7b95a45f8000 r--p 00006000 103:03 11542722                  /usr/lib/x86_64-linux-gnu/libuuid.so.1.3.0
7b95a45f8000-7b95a45f9000 rw-p 00007000 103:03 11542722                  /usr/lib/x86_64-linux-gnu/libuuid.so.1.3.0
7b95a45f9000-7b95a45fb000 r--p 00000000 103:03 11544008                  /usr/lib/x86_64-linux-gnu/libgmodule-2.0.so.0.7200.4
7b95a45fb000-7b95a45fd000 r-xp 00002000 103:03 11544008                  /usr/lib/x86_64-linux-gnu/libgmodule-2.0.so.0.7200.4
7b95a45fd000-7b95a45fe000 r--p 00004000 103:03 11544008                  /usr/lib/x86_64-linux-gnu/libgmodule-2.0.so.0.7200.4
7b95a45fe000-7b95a45ff000 r--p 00004000 103:03 11544008                  /usr/lib/x86_64-linux-gnu/libgmodule-2.0.so.0.7200.4
7b95a45ff000-7b95a4600000 rw-p 00005000 103:03 11544008                  /usr/lib/x86_64-linux-gnu/libgmodule-2.0.so.0.7200.4
7b95a4600000-7b95a4628000 r--p 00000000 103:03 11534717                  /usr/lib/x86_64-linux-gnu/libc.so.6
7b95a4628000-7b95a47bd000 r-xp 00028000 103:03 11534717                  /usr/lib/x86_64-linux-gnu/libc.so.6
7b95a47bd000-7b95a4815000 r--p 001bd000 103:03 11534717                  /usr/lib/x86_64-linux-gnu/libc.so.6
7b95a4815000-7b95a4816000 ---p 00215000 103:03 11534717                  /usr/lib/x86_64-linux-gnu/libc.so.6
7b95a4816000-7b95a481a000 r--p 00215000 103:03 11534717                  /usr/lib/x86_64-linux-gnu/libc.so.6
7b95a481a000-7b95a481c000 rw-p 00219000 103:03 11534717                  /usr/lib/x86_64-linux-gnu/libc.so.6
7b95a481c000-7b95a4829000 rw-p 00000000 00:00 0 
7b95a4829000-7b95a482a000 r--s 00000000 103:03 111683348                 /var/cache/fontconfig/0b7fe837-16d1-4d54-a861-3f20e91b2b59-le64.cache-7
7b95a482a000-7b95a482b000 r--p 00000000 103:03 5905628                   /opt/MATLAB/R2023a/bin/glnxa64/libxcb-shm.so.0.0.0
7b95a482b000-7b95a482c000 r-xp 00001000 103:03 5905628                   /opt/MATLAB/R2023a/bin/glnxa64/libxcb-shm.so.0.0.0
7b95a482c000-7b95a482d000 r--p 00002000 103:03 5905628                   /opt/MATLAB/R2023a/bin/glnxa64/libxcb-shm.so.0.0.0
7b95a482d000-7b95a482e000 r--p 00002000 103:03 5905628                   /opt/MATLAB/R2023a/bin/glnxa64/libxcb-shm.so.0.0.0
7b95a482e000-7b95a482f000 rw-p 00003000 103:03 5905628                   /opt/MATLAB/R2023a/bin/glnxa64/libxcb-shm.so.0.0.0
7b95a482f000-7b95a4831000 r--p 00000000 103:03 11554350                  /usr/lib/x86_64-linux-gnu/libthai.so.0.3.1
7b95a4831000-7b95a4835000 r-xp 00002000 103:03 11554350                  /usr/lib/x86_64-linux-gnu/libthai.so.0.3.1
7b95a4835000-7b95a4838000 r--p 00006000 103:03 11554350                  /usr/lib/x86_64-linux-gnu/libthai.so.0.3.1
7b95a4838000-7b95a4839000 r--p 00008000 103:03 11554350                  /usr/lib/x86_64-linux-gnu/libthai.so.0.3.1
7b95a4839000-7b95a483a000 rw-p 00009000 103:03 11554350                  /usr/lib/x86_64-linux-gnu/libthai.so.0.3.1
7b95a483a000-7b95a484c000 r--p 00000000 103:03 11553368                  /usr/lib/x86_64-linux-gnu/libcairo.so.2.11600.0
7b95a484c000-7b95a491f000 r-xp 00012000 103:03 11553368                  /usr/lib/x86_64-linux-gnu/libcairo.so.2.11600.0
7b95a491f000-7b95a495c000 r--p 000e5000 103:03 11553368                  /usr/lib/x86_64-linux-gnu/libcairo.so.2.11600.0
7b95a495c000-7b95a4960000 r--p 00121000 103:03 11553368                  /usr/lib/x86_64-linux-gnu/libcairo.so.2.11600.0
7b95a4960000-7b95a4961000 rw-p 00125000 103:03 11553368                  /usr/lib/x86_64-linux-gnu/libcairo.so.2.11600.0
7b95a4961000-7b95a4962000 rw-p 00000000 00:00 0 
7b95a4962000-7b95a4967000 r--p 00000000 103:03 11551996                  /usr/lib/x86_64-linux-gnu/libwayland-client.so.0.20.0
7b95a4967000-7b95a496d000 r-xp 00005000 103:03 11551996                  /usr/lib/x86_64-linux-gnu/libwayland-client.so.0.20.0
7b95a496d000-7b95a496f000 r--p 0000b000 103:03 11551996                  /usr/lib/x86_64-linux-gnu/libwayland-client.so.0.20.0
7b95a496f000-7b95a4970000 ---p 0000d000 103:03 11551996                  /usr/lib/x86_64-linux-gnu/libwayland-client.so.0.20.0
7b95a4970000-7b95a4972000 r--p 0000d000 103:03 11551996                  /usr/lib/x86_64-linux-gnu/libwayland-client.so.0.20.0
7b95a4972000-7b95a4973000 rw-p 0000f000 103:03 11551996                  /usr/lib/x86_64-linux-gnu/libwayland-client.so.0.20.0
7b95a4973000-7b95a4974000 r--p 00000000 103:03 11552005                  /usr/lib/x86_64-linux-gnu/libwayland-egl.so.1.20.0
7b95a4974000-7b95a4975000 r-xp 00001000 103:03 11552005                  /usr/lib/x86_64-linux-gnu/libwayland-egl.so.1.20.0
7b95a4975000-7b95a4976000 r--p 00002000 103:03 11552005                  /usr/lib/x86_64-linux-gnu/libwayland-egl.so.1.20.0
7b95a4976000-7b95a4977000 r--p 00002000 103:03 11552005                  /usr/lib/x86_64-linux-gnu/libwayland-egl.so.1.20.0
7b95a4977000-7b95a4978000 rw-p 00003000 103:03 11552005                  /usr/lib/x86_64-linux-gnu/libwayland-egl.so.1.20.0
7b95a4978000-7b95a497d000 r--p 00000000 103:03 5905630                   /opt/MATLAB/R2023a/bin/glnxa64/libxkbcommon.so.0.0.0
7b95a497d000-7b95a4998000 r-xp 00005000 103:03 5905630                   /opt/MATLAB/R2023a/bin/glnxa64/libxkbcommon.so.0.0.0
7b95a4998000-7b95a49b6000 r--p 00020000 103:03 5905630                   /opt/MATLAB/R2023a/bin/glnxa64/libxkbcommon.so.0.0.0
7b95a49b6000-7b95a49b7000 ---p 0003e000 103:03 5905630                   /opt/MATLAB/R2023a/bin/glnxa64/libxkbcommon.so.0.0.0
7b95a49b7000-7b95a49b9000 r--p 0003e000 103:03 5905630                   /opt/MATLAB/R2023a/bin/glnxa64/libxkbcommon.so.0.0.0
7b95a49b9000-7b95a49ba000 rw-p 00040000 103:03 5905630                   /opt/MATLAB/R2023a/bin/glnxa64/libxkbcommon.so.0.0.0
7b95a49ba000-7b95a49c1000 r--p 00000000 103:03 5905521                   /opt/MATLAB/R2023a/bin/glnxa64/libfontconfig.so.1.12.0
7b95a49c1000-7b95a49e5000 r-xp 00007000 103:03 5905521                   /opt/MATLAB/R2023a/bin/glnxa64/libfontconfig.so.1.12.0
7b95a49e5000-7b95a49fd000 r--p 0002b000 103:03 5905521                   /opt/MATLAB/R2023a/bin/glnxa64/libfontconfig.so.1.12.0
7b95a49fd000-7b95a49ff000 r--p 00042000 103:03 5905521                   /opt/MATLAB/R2023a/bin/glnxa64/libfontconfig.so.1.12.0
7b95a49ff000-7b95a4a00000 rw-p 00044000 103:03 5905521                   /opt/MATLAB/R2023a/bin/glnxa64/libfontconfig.so.1.12.0
7b95a4a00000-7b95a4a02000 r-xp 00000000 103:03 7609769                   /opt/comsol60/multiphysics/java/glnxa64/jre/lib/libjsig.so
7b95a4a02000-7b95a4c01000 ---p 00002000 103:03 7609769                   /opt/comsol60/multiphysics/java/glnxa64/jre/lib/libjsig.so
7b95a4c01000-7b95a4c02000 r--p 00001000 103:03 7609769                   /opt/comsol60/multiphysics/java/glnxa64/jre/lib/libjsig.so
7b95a4c02000-7b95a4c03000 rw-p 00002000 103:03 7609769                   /opt/comsol60/multiphysics/java/glnxa64/jre/lib/libjsig.so
7b95a4c03000-7b95a4c05000 rw-p 00000000 00:00 0 
7b95a4c05000-7b95a4c06000 r--p 00000000 103:03 11798701                  /usr/share/locale-langpack/en_GB/LC_MESSAGES/gdk-pixbuf.mo
7b95a4c06000-7b95a4c07000 ---p 00000000 00:00 0 
7b95a4c07000-7b95a4c08000 r--p 00000000 00:00 0 
7b95a4c08000-7b95a4c0a000 r--p 00000000 103:03 11552002                  /usr/lib/x86_64-linux-gnu/libwayland-cursor.so.0.20.0
7b95a4c0a000-7b95a4c0c000 r-xp 00002000 103:03 11552002                  /usr/lib/x86_64-linux-gnu/libwayland-cursor.so.0.20.0
7b95a4c0c000-7b95a4c0d000 r--p 00004000 103:03 11552002                  /usr/lib/x86_64-linux-gnu/libwayland-cursor.so.0.20.0
7b95a4c0d000-7b95a4c0e000 r--p 00004000 103:03 11552002                  /usr/lib/x86_64-linux-gnu/libwayland-cursor.so.0.20.0
7b95a4c0e000-7b95a4c12000 rw-p 00005000 103:03 11552002                  /usr/lib/x86_64-linux-gnu/libwayland-cursor.so.0.20.0
7b95a4c12000-7b95a4c14000 r--p 00000000 103:03 11553085                  /usr/lib/x86_64-linux-gnu/libXfixes.so.3.1.0
7b95a4c14000-7b95a4c17000 r-xp 00002000 103:03 11553085                  /usr/lib/x86_64-linux-gnu/libXfixes.so.3.1.0
7b95a4c17000-7b95a4c18000 r--p 00005000 103:03 11553085                  /usr/lib/x86_64-linux-gnu/libXfixes.so.3.1.0
7b95a4c18000-7b95a4c19000 r--p 00006000 103:03 11553085                  /usr/lib/x86_64-linux-gnu/libXfixes.so.3.1.0
7b95a4c19000-7b95a4c1a000 rw-p 00007000 103:03 11553085                  /usr/lib/x86_64-linux-gnu/libXfixes.so.3.1.0
7b95a4c1a000-7b95a4c1b000 r--p 00000000 103:03 11553079                  /usr/lib/x86_64-linux-gnu/libXdamage.so.1.1.0
7b95a4c1b000-7b95a4c1c000 r-xp 00001000 103:03 11553079                  /usr/lib/x86_64-linux-gnu/libXdamage.so.1.1.0
7b95a4c1c000-7b95a4c1d000 r--p 00002000 103:03 11553079                  /usr/lib/x86_64-linux-gnu/libXdamage.so.1.1.0
7b95a4c1d000-7b95a4c1e000 r--p 00002000 103:03 11553079                  /usr/lib/x86_64-linux-gnu/libXdamage.so.1.1.0
7b95a4c1e000-7b95a4c1f000 rw-p 00003000 103:03 11553079                  /usr/lib/x86_64-linux-gnu/libXdamage.so.1.1.0
7b95a4c1f000-7b95a4c20000 r--p 00000000 103:03 11553075                  /usr/lib/x86_64-linux-gnu/libXcomposite.so.1.0.0
7b95a4c20000-7b95a4c21000 r-xp 00001000 103:03 11553075                  /usr/lib/x86_64-linux-gnu/libXcomposite.so.1.0.0
7b95a4c21000-7b95a4c22000 r--p 00002000 103:03 11553075                  /usr/lib/x86_64-linux-gnu/libXcomposite.so.1.0.0
7b95a4c22000-7b95a4c23000 r--p 00002000 103:03 11553075                  /usr/lib/x86_64-linux-gnu/libXcomposite.so.1.0.0
7b95a4c23000-7b95a4c24000 rw-p 00003000 103:03 11553075                  /usr/lib/x86_64-linux-gnu/libXcomposite.so.1.0.0
7b95a4c24000-7b95a4c26000 r--p 00000000 103:03 11553077                  /usr/lib/x86_64-linux-gnu/libXcursor.so.1.0.2
7b95a4c26000-7b95a4c2c000 r-xp 00002000 103:03 11553077                  /usr/lib/x86_64-linux-gnu/libXcursor.so.1.0.2
7b95a4c2c000-7b95a4c2e000 r--p 00008000 103:03 11553077                  /usr/lib/x86_64-linux-gnu/libXcursor.so.1.0.2
7b95a4c2e000-7b95a4c2f000 r--p 00009000 103:03 11553077                  /usr/lib/x86_64-linux-gnu/libXcursor.so.1.0.2
7b95a4c2f000-7b95a4c30000 rw-p 0000a000 103:03 11553077                  /usr/lib/x86_64-linux-gnu/libXcursor.so.1.0.2
7b95a4c30000-7b95a4c32000 r--p 00000000 103:03 11553101                  /usr/lib/x86_64-linux-gnu/libXrandr.so.2.2.0
7b95a4c32000-7b95a4c39000 r-xp 00002000 103:03 11553101                  /usr/lib/x86_64-linux-gnu/libXrandr.so.2.2.0
7b95a4c39000-7b95a4c3b000 r--p 00009000 103:03 11553101                  /usr/lib/x86_64-linux-gnu/libXrandr.so.2.2.0
7b95a4c3b000-7b95a4c3c000 r--p 0000a000 103:03 11553101                  /usr/lib/x86_64-linux-gnu/libXrandr.so.2.2.0
7b95a4c3c000-7b95a4c3d000 rw-p 0000b000 103:03 11553101                  /usr/lib/x86_64-linux-gnu/libXrandr.so.2.2.0
7b95a4c3d000-7b95a4c3e000 r--p 00000000 103:03 11553093                  /usr/lib/x86_64-linux-gnu/libXinerama.so.1.0.0
7b95a4c3e000-7b95a4c3f000 r-xp 00001000 103:03 11553093                  /usr/lib/x86_64-linux-gnu/libXinerama.so.1.0.0
7b95a4c3f000-7b95a4c40000 r--p 00002000 103:03 11553093                  /usr/lib/x86_64-linux-gnu/libXinerama.so.1.0.0
7b95a4c40000-7b95a4c41000 r--p 00003000 103:03 11553093                  /usr/lib/x86_64-linux-gnu/libXinerama.so.1.0.0
7b95a4c41000-7b95a4c42000 rw-p 00004000 103:03 11553093                  /usr/lib/x86_64-linux-gnu/libXinerama.so.1.0.0
7b95a4c42000-7b95a4c5f000 r--p 00000000 103:03 11544007                  /usr/lib/x86_64-linux-gnu/libglib-2.0.so.0.7200.4
7b95a4c5f000-7b95a4cee000 r-xp 0001d000 103:03 11544007                  /usr/lib/x86_64-linux-gnu/libglib-2.0.so.0.7200.4
7b95a4cee000-7b95a4d78000 r--p 000ac000 103:03 11544007                  /usr/lib/x86_64-linux-gnu/libglib-2.0.so.0.7200.4
7b95a4d78000-7b95a4d79000 ---p 00136000 103:03 11544007                  /usr/lib/x86_64-linux-gnu/libglib-2.0.so.0.7200.4
7b95a4d79000-7b95a4d7a000 r--p 00136000 103:03 11544007                  /usr/lib/x86_64-linux-gnu/libglib-2.0.so.0.7200.4
7b95a4d7a000-7b95a4d7b000 rw-p 00137000 103:03 11544007                  /usr/lib/x86_64-linux-gnu/libglib-2.0.so.0.7200.4
7b95a4d7b000-7b95a4d7c000 rw-p 00000000 00:00 0 
7b95a4d7c000-7b95a4d8b000 r--p 00000000 103:03 11544009                  /usr/lib/x86_64-linux-gnu/libgobject-2.0.so.0.7200.4
7b95a4d8b000-7b95a4dbe000 r-xp 0000f000 103:03 11544009                  /usr/lib/x86_64-linux-gnu/libgobject-2.0.so.0.7200.4
7b95a4dbe000-7b95a4dd8000 r--p 00042000 103:03 11544009                  /usr/lib/x86_64-linux-gnu/libgobject-2.0.so.0.7200.4
7b95a4dd8000-7b95a4ddb000 r--p 0005b000 103:03 11544009                  /usr/lib/x86_64-linux-gnu/libgobject-2.0.so.0.7200.4
7b95a4ddb000-7b95a4ddc000 rw-p 0005e000 103:03 11544009                  /usr/lib/x86_64-linux-gnu/libgobject-2.0.so.0.7200.4
7b95a4ddc000-7b95a4de0000 r--p 00000000 103:03 11553364                  /usr/lib/x86_64-linux-gnu/libcairo-gobject.so.2.11600.0
7b95a4de0000-7b95a4de2000 r-xp 00004000 103:03 11553364                  /usr/lib/x86_64-linux-gnu/libcairo-gobject.so.2.11600.0
7b95a4de2000-7b95a4de4000 r--p 00006000 103:03 11553364                  /usr/lib/x86_64-linux-gnu/libcairo-gobject.so.2.11600.0
7b95a4de4000-7b95a4de5000 ---p 00008000 103:03 11553364                  /usr/lib/x86_64-linux-gnu/libcairo-gobject.so.2.11600.0
7b95a4de5000-7b95a4de7000 r--p 00008000 103:03 11553364                  /usr/lib/x86_64-linux-gnu/libcairo-gobject.so.2.11600.0
7b95a4de7000-7b95a4de8000 rw-p 0000a000 103:03 11553364                  /usr/lib/x86_64-linux-gnu/libcairo-gobject.so.2.11600.0
7b95a4de8000-7b95a4df0000 r--p 00000000 103:03 11536395                  /usr/lib/x86_64-linux-gnu/libgdk_pixbuf-2.0.so.0.4200.8
7b95a4df0000-7b95a4e0b000 r-xp 00008000 103:03 11536395                  /usr/lib/x86_64-linux-gnu/libgdk_pixbuf-2.0.so.0.4200.8
7b95a4e0b000-7b95a4e15000 r--p 00023000 103:03 11536395                  /usr/lib/x86_64-linux-gnu/libgdk_pixbuf-2.0.so.0.4200.8
7b95a4e15000-7b95a4e16000 ---p 0002d000 103:03 11536395                  /usr/lib/x86_64-linux-gnu/libgdk_pixbuf-2.0.so.0.4200.8
7b95a4e16000-7b95a4e17000 r--p 0002d000 103:03 11536395                  /usr/lib/x86_64-linux-gnu/libgdk_pixbuf-2.0.so.0.4200.8
7b95a4e17000-7b95a4e18000 rw-p 0002e000 103:03 11536395                  /usr/lib/x86_64-linux-gnu/libgdk_pixbuf-2.0.so.0.4200.8
7b95a4e18000-7b95a4e2a000 r--p 00000000 103:03 11551947                  /usr/lib/x86_64-linux-gnu/libpango-1.0.so.0.5000.6
7b95a4e2a000-7b95a4e5f000 r-xp 00012000 103:03 11551947                  /usr/lib/x86_64-linux-gnu/libpango-1.0.so.0.5000.6
7b95a4e5f000-7b95a4e7a000 r--p 00047000 103:03 11551947                  /usr/lib/x86_64-linux-gnu/libpango-1.0.so.0.5000.6
7b95a4e7a000-7b95a4e7e000 r--p 00061000 103:03 11551947                  /usr/lib/x86_64-linux-gnu/libpango-1.0.so.0.5000.6
7b95a4e7e000-7b95a4e7f000 rw-p 00065000 103:03 11551947                  /usr/lib/x86_64-linux-gnu/libpango-1.0.so.0.5000.6
7b95a4e7f000-7b95a4e84000 r--p 00000000 103:03 11551979                  /usr/lib/x86_64-linux-gnu/libpangocairo-1.0.so.0.5000.6
7b95a4e84000-7b95a4e8c000 r-xp 00005000 103:03 11551979                  /usr/lib/x86_64-linux-gnu/libpangocairo-1.0.so.0.5000.6
7b95a4e8c000-7b95a4e8e000 r--p 0000d000 103:03 11551979                  /usr/lib/x86_64-linux-gnu/libpangocairo-1.0.so.0.5000.6
7b95a4e8e000-7b95a4e8f000 ---p 0000f000 103:03 11551979                  /usr/lib/x86_64-linux-gnu/libpangocairo-1.0.so.0.5000.6
7b95a4e8f000-7b95a4e90000 r--p 0000f000 103:03 11551979                  /usr/lib/x86_64-linux-gnu/libpangocairo-1.0.so.0.5000.6
7b95a4e90000-7b95a4e91000 rw-p 00010000 103:03 11551979                  /usr/lib/x86_64-linux-gnu/libpangocairo-1.0.so.0.5000.6
7b95a4e91000-7b95a4ebc000 r--p 00000000 103:03 11543475                  /usr/lib/x86_64-linux-gnu/libgdk-3.so.0.2404.29
7b95a4ebc000-7b95a4f3f000 r-xp 0002b000 103:03 11543475                  /usr/lib/x86_64-linux-gnu/libgdk-3.so.0.2404.29
7b95a4f3f000-7b95a4f8c000 r--p 000ae000 103:03 11543475                  /usr/lib/x86_64-linux-gnu/libgdk-3.so.0.2404.29
7b95a4f8c000-7b95a4f95000 r--p 000fa000 103:03 11543475                  /usr/lib/x86_64-linux-gnu/libgdk-3.so.0.2404.29
7b95a4f95000-7b95a4f97000 rw-p 00103000 103:03 11543475                  /usr/lib/x86_64-linux-gnu/libgdk-3.so.0.2404.29
7b95a4f97000-7b95a4f9c000 rw-p 00000000 00:00 0 
7b95a4f9c000-7b95a4f9d000 r--p 00000000 103:03 11534781                  /usr/lib/x86_64-linux-gnu/libdl.so.2
7b95a4f9d000-7b95a4f9e000 r-xp 00001000 103:03 11534781                  /usr/lib/x86_64-linux-gnu/libdl.so.2
7b95a4f9e000-7b95a4f9f000 r--p 00002000 103:03 11534781                  /usr/lib/x86_64-linux-gnu/libdl.so.2
7b95a4f9f000-7b95a4fa0000 r--p 00002000 103:03 11534781                  /usr/lib/x86_64-linux-gnu/libdl.so.2
7b95a4fa0000-7b95a4fa1000 rw-p 00003000 103:03 11534781                  /usr/lib/x86_64-linux-gnu/libdl.so.2
7b95a4fa1000-7b95a4fa2000 r--p 00000000 103:03 11534921                  /usr/lib/x86_64-linux-gnu/libpthread.so.0
7b95a4fa2000-7b95a4fa3000 r-xp 00001000 103:03 11534921                  /usr/lib/x86_64-linux-gnu/libpthread.so.0
7b95a4fa3000-7b95a4fa4000 r--p 00002000 103:03 11534921                  /usr/lib/x86_64-linux-gnu/libpthread.so.0
7b95a4fa4000-7b95a4fa5000 r--p 00002000 103:03 11534921                  /usr/lib/x86_64-linux-gnu/libpthread.so.0
7b95a4fa5000-7b95a4fa6000 rw-p 00003000 103:03 11534921                  /usr/lib/x86_64-linux-gnu/libpthread.so.0
7b95a4fa6000-7b95a4fa8000 r--p 00000000 103:03 11551822                  /usr/lib/x86_64-linux-gnu/libcanberra-gtk3.so.0.1.9
7b95a4fa8000-7b95a4faa000 r-xp 00002000 103:03 11551822                  /usr/lib/x86_64-linux-gnu/libcanberra-gtk3.so.0.1.9
7b95a4faa000-7b95a4fab000 r--p 00004000 103:03 11551822                  /usr/lib/x86_64-linux-gnu/libcanberra-gtk3.so.0.1.9
7b95a4fab000-7b95a4fac000 r--p 00004000 103:03 11551822                  /usr/lib/x86_64-linux-gnu/libcanberra-gtk3.so.0.1.9
7b95a4fac000-7b95a4fad000 rw-p 00005000 103:03 11551822                  /usr/lib/x86_64-linux-gnu/libcanberra-gtk3.so.0.1.9
7b95a4fad000-7b95a4fb0000 r--p 00000000 103:03 11798717                  /usr/share/locale-langpack/en_GB/LC_MESSAGES/glib20.mo
7b95a4fb0000-7b95a4fb1000 r--p 00000000 103:03 11798670                  /usr/share/locale-langpack/en_GB/LC_MESSAGES/atk10.mo
7b95a4fb1000-7b95a4fb5000 r--p 00000000 103:03 11798776                  /usr/share/locale-langpack/en_GB/LC_MESSAGES/gtk30-properties.mo
7b95a4fb5000-7b95a4fb6000 r--p 00000000 103:03 11798286                  /usr/share/locale-langpack/en/LC_MESSAGES/gtk30.mo
7b95a4fb6000-7b95a4fbd000 r--s 00000000 103:03 11542655                  /usr/lib/x86_64-linux-gnu/gconv/gconv-modules.cache
7b95a4fbd000-7b95a4fc0000 r--p 00000000 103:03 11798777                  /usr/share/locale-langpack/en_GB/LC_MESSAGES/gtk30.mo
7b95a4fc0000-7b95a4fc2000 rw-p 00000000 00:00 0 
7b95a4fc2000-7b95a4fc4000 r--p 00000000 103:03 11534604                  /usr/lib/x86_64-linux-gnu/ld-linux-x86-64.so.2
7b95a4fc4000-7b95a4fee000 r-xp 00002000 103:03 11534604                  /usr/lib/x86_64-linux-gnu/ld-linux-x86-64.so.2
7b95a4fee000-7b95a4ff9000 r--p 0002c000 103:03 11534604                  /usr/lib/x86_64-linux-gnu/ld-linux-x86-64.so.2
7b95a4ff9000-7b95a4ffa000 r--p 00000000 103:03 11807571                  /usr/share/locale-langpack/en_GB/LC_MESSAGES/libc.mo
7b95a4ffa000-7b95a4ffc000 r--p 00037000 103:03 11534604                  /usr/lib/x86_64-linux-gnu/ld-linux-x86-64.so.2
7b95a4ffc000-7b95a4ffe000 rw-p 00039000 103:03 11534604                  /usr/lib/x86_64-linux-gnu/ld-linux-x86-64.so.2
7fff49dd5000-7fff49dd9000 ---p 00000000 00:00 0 
7fff49dd9000-7fff4a1d5000 rw-p 00000000 00:00 0                          [stack]
7fff4a1f8000-7fff4a1fc000 r--p 00000000 00:00 0                          [vvar]
7fff4a1fc000-7fff4a1fe000 r-xp 00000000 00:00 0                          [vdso]
ffffffffff600000-ffffffffff601000 --xp 00000000 00:00 0                  [vsyscall]


VM Arguments:
jvm_args: -Dosgi.splashPath=platform:/base/plugins/com.comsol.guimph/ -Dosgi.clean=true -Dorg.osgi.service.log.admin.loglevel=DEBUG -Dosgi.configuration.cascaded=true -Dosgi.checkConfiguration=true -Dosgi.sharedConfiguration.area=file:configuration/comsol -Dosgi.sharedConfiguration.area.readOnly=true -Dosgi.configuration.area=@user.home/.comsol/v60/configuration/comsol -Dosgi.instance.area=@user.home/.comsol/v60/workspace/comsol -Declipse.security= -Djava.security.policy=${osgi.install.area}/bin/glnxa64/comsol.policy -Dcs.logoutput=file -Dcs.logfileprefix=comsol -Dcs.client=true -Xss4m -Xms40m -Xmx2g -XX:MaxMetaspaceSize=1g -Dlog4j2.formatMsgNoLookups=true -Dcs.ckl 
java_command: <unknown>
java_class_path (initial): /opt/comsol60/multiphysics/bin/glnxa64//../../plugins/org.eclipse.equinox.launcher_1.6.200.v20210416-2027.jar
Launcher Type: generic

[Global flags]
     intx CICompilerCount                          = 15                                        {product} {ergonomic}
   size_t CompressedClassSpaceSize                 = 1065353216                                {product} {ergonomic}
     uint ConcGCThreads                            = 7                                         {product} {ergonomic}
     uint G1ConcRefinementThreads                  = 28                                        {product} {ergonomic}
   size_t G1HeapRegionSize                         = 1048576                                   {product} {ergonomic}
    uintx GCDrainStackTargetSize                   = 64                                        {product} {ergonomic}
   size_t InitialHeapSize                          = 41943040                                  {product} {command line}
   size_t MarkStackSize                            = 4194304                                   {product} {ergonomic}
   size_t MaxHeapSize                              = 2147483648                                {product} {command line}
   size_t MaxMetaspaceSize                         = 1073741824                                {product} {command line}
   size_t MaxNewSize                               = 1287651328                                {product} {ergonomic}
   size_t MinHeapDeltaBytes                        = 1048576                                   {product} {ergonomic}
    uintx NonNMethodCodeHeapSize                   = 8182140                                {pd product} {ergonomic}
    uintx NonProfiledCodeHeapSize                  = 121738050                              {pd product} {ergonomic}
    uintx ProfiledCodeHeapSize                     = 121738050                              {pd product} {ergonomic}
    uintx ReservedCodeCacheSize                    = 251658240                              {pd product} {ergonomic}
     bool SegmentedCodeCache                       = true                                      {product} {ergonomic}
     intx ThreadStackSize                          = 4096                                   {pd product} {command line}
     bool UseCompressedClassPointers               = true                                 {lp64_product} {ergonomic}
     bool UseCompressedOops                        = true                                 {lp64_product} {ergonomic}
     bool UseG1GC                                  = true                                      {product} {ergonomic}

Logging:
Log output configuration:
 #0: stdout all=warning uptime,level,tags
 #1: stderr all=off uptime,level,tags

Environment Variables:
PATH=/opt/MATLAB/R2023a/bin:/home/frocha/miniforge3/bin:/home/frocha/miniforge3/condabin:/usr/local/sbin:/usr/local/bin:/usr/sbin:/usr/bin:/sbin:/bin:/usr/games:/usr/local/games:/snap/bin:/snap/bin:/bin:/usr/bin:/sbin:/usr/sbin:/usr/local/bin:/bin:/usr/bin:/sbin:/usr/sbin:/usr/local/bin
USERNAME=frocha
LD_LIBRARY_PATH=/opt/comsol60/multiphysics/java/glnxa64/jre/lib/server:/opt/comsol60/multiphysics/java/glnxa64/jre/lib:/opt/comsol60/multiphysics/ext/graphicsmagick/glnxa64/:/opt/MATLAB/R2023a/bin/glnxa64:/opt/comsol60/multiphysics/ext/dcm/glnxa64:/opt/comsol60/multiphysics/ext/cadimport/glnxa64:/opt/comsol60/multiphysics/lib/glnxa64
LD_PRELOAD=
SHELL=/bin/bash
DISPLAY=:1
LANG=en_GB.UTF-8

Signal Handlers:
SIGSEGV: [libjvm.so+0xf42ee0], sa_mask[0]=11111111111111111111111111111110, sa_flags=SA_RESTART|SA_SIGINFO
SIGBUS: [libjvm.so+0xf42ee0], sa_mask[0]=11111111111111111111111111111110, sa_flags=SA_SIGINFO
SIGFPE: [libjvm.so+0xf42ee0], sa_mask[0]=11111111111111111111111111111110, sa_flags=none
SIGPIPE: SIG_IGN, sa_mask[0]=00000000000000000000000000000000, sa_flags=none
SIGXFSZ: [libGraphicsMagick.so+0xcf039], sa_mask[0]=00000000000000000000000000000000, sa_flags=none
SIGILL: [libjvm.so+0xf42ee0], sa_mask[0]=11111111111111111111111111111110, sa_flags=SA_RESTART|SA_SIGINFO
SIGUSR2: [libjvm.so+0xc65380], sa_mask[0]=00000000000000000000000000000000, sa_flags=SA_RESTART|SA_SIGINFO
SIGHUP: [libjvm.so+0xc656e0], sa_mask[0]=00000000000000000000000000000000, sa_flags=none
SIGINT: [libjvm.so+0xc656e0], sa_mask[0]=00000000000000000000000000000000, sa_flags=none
SIGTERM: [libjvm.so+0xc656e0], sa_mask[0]=00000000000000000000000000000000, sa_flags=none
SIGQUIT: [libjvm.so+0xc656e0], sa_mask[0]=00000000000000000000000000000000, sa_flags=none


---------------  S Y S T E M  ---------------

OS:DISTRIB_ID=Ubuntu
DISTRIB_RELEASE=22.04
DISTRIB_CODENAME=jammy
DISTRIB_DESCRIPTION="Ubuntu 22.04.5 LTS"
uname:Linux 6.8.0-45-generic #45~22.04.1-Ubuntu SMP PREEMPT_DYNAMIC Wed Sep 11 15:25:05 UTC 2 x86_64
OS uptime: 0 days 4:14 hours
libc:glibc 2.35 NPTL 2.35 
rlimit (soft/hard): STACK 8192k/infinity , CORE 0k/infinity , NPROC 511837/511837 , NOFILE 1048576/1048576 , AS infinity/infinity , CPU infinity/infinity , DATA infinity/infinity , FSIZE infinity/infinity , MEMLOCK 16389400k/16389400k
load average:95.48 28.40 10.00

/proc/meminfo:
MemTotal:       131115212 kB
MemFree:        113122092 kB
MemAvailable:   118069048 kB
Buffers:          489344 kB
Cached:          5804716 kB
SwapCached:            0 kB
Active:         12703940 kB
Inactive:        3201228 kB
Active(anon):   10216496 kB
Inactive(anon):        0 kB
Active(file):    2487444 kB
Inactive(file):  3201228 kB
Unevictable:          32 kB
Mlocked:              32 kB
SwapTotal:       2097148 kB
SwapFree:        2097148 kB
Zswap:                 0 kB
Zswapped:              0 kB
Dirty:            254200 kB
Writeback:             0 kB
AnonPages:       9611496 kB
Mapped:          2727556 kB
Shmem:            605360 kB
KReclaimable:     508996 kB
Slab:            1057452 kB
SReclaimable:     508996 kB
SUnreclaim:       548456 kB
KernelStack:       37824 kB
PageTables:        91560 kB
SecPageTables:         0 kB
NFS_Unstable:          0 kB
Bounce:                0 kB
WritebackTmp:          0 kB
CommitLimit:    67654752 kB
Committed_AS:   36223692 kB
VmallocTotal:   13743895347199 kB
VmallocUsed:      159524 kB
VmallocChunk:          0 kB
Percpu:           100480 kB
HardwareCorrupted:     0 kB
AnonHugePages:         0 kB
ShmemHugePages:        0 kB
ShmemPmdMapped:        0 kB
FileHugePages:         0 kB
FilePmdMapped:         0 kB
Unaccepted:            0 kB
HugePages_Total:       0
HugePages_Free:        0
HugePages_Rsvd:        0
HugePages_Surp:        0
Hugepagesize:       2048 kB
Hugetlb:               0 kB
DirectMap4k:     1385032 kB
DirectMap2M:    14606336 kB
DirectMap1G:    118489088 kB

/sys/kernel/mm/transparent_hugepage/enabled:
always [madvise] never
/sys/kernel/mm/transparent_hugepage/defrag (defrag/compaction efforts parameter):
always defer defer+madvise [madvise] never

Process Memory:
Virtual Size: 100878188K (peak: 133151216K)
Resident Set Size: 1119452K (peak: 1119452K) (anon: 881504K, file: 235824K, shmem: 2124K)
Swapped out: 0K
C-Heap outstanding allocations: 190864K

/proc/sys/kernel/threads-max (system-wide limit on the number of threads):
1023675
/proc/sys/vm/max_map_count (maximum number of memory map areas a process may have):
65530
/proc/sys/kernel/pid_max (system-wide limit on number of process identifiers):
4194304

Steal ticks since vm start: 0
Steal ticks percentage since vm start:  0.000

CPU:total 40 (initial active 40) (20 cores per cpu, 2 threads per core) family 6 model 143 stepping 8 microcode 0x2b0005c0, cmov, cx8, fxsr, mmx, sse, sse2, sse3, ssse3, sse4.1, sse4.2, popcnt, avx, avx2, aes, clmul, erms, 3dnowpref, lzcnt, ht, tsc, tscinvbit, bmi1, bmi2, adx, evex, sha, fma
CPU Model and flags from /proc/cpuinfo:
model name	: Intel(R) Xeon(R) w7-3445
flags		: fpu vme de pse tsc msr pae mce cx8 apic sep mtrr pge mca cmov pat pse36 clflush dts acpi mmx fxsr sse sse2 ss ht tm pbe syscall nx pdpe1gb rdtscp lm constant_tsc art arch_perfmon pebs bts rep_good nopl xtopology nonstop_tsc cpuid aperfmperf tsc_known_freq pni pclmulqdq dtes64 monitor ds_cpl vmx smx est tm2 ssse3 sdbg fma cx16 xtpr pdcm pcid dca sse4_1 sse4_2 x2apic movbe popcnt tsc_deadline_timer aes xsave avx f16c rdrand lahf_lm abm 3dnowprefetch cpuid_fault epb cat_l3 cat_l2 cdp_l3 intel_ppin cdp_l2 ssbd mba ibrs ibpb stibp ibrs_enhanced tpr_shadow flexpriority ept vpid ept_ad fsgsbase tsc_adjust bmi1 avx2 smep bmi2 erms invpcid cqm rdt_a avx512f avx512dq rdseed adx smap avx512ifma clflushopt clwb intel_pt avx512cd sha_ni avx512bw avx512vl xsaveopt xsavec xgetbv1 xsaves cqm_llc cqm_occup_llc cqm_mbm_total cqm_mbm_local split_lock_detect user_shstk avx_vnni avx512_bf16 wbnoinvd dtherm ida arat pln pts hwp hwp_act_window hwp_epp hwp_pkg_req vnmi avx512vbmi umip pku ospke waitpkg avx512_vbmi2 gfni vaes vpclmulqdq avx512_vnni avx512_bitalg tme avx512_vpopcntdq la57 rdpid bus_lock_detect cldemote movdiri movdir64b enqcmd fsrm md_clear serialize tsxldtrk pconfig arch_lbr ibt amx_bf16 avx512_fp16 amx_tile amx_int8 flush_l1d arch_capabilities
Online cpus:
0-39
Offline cpus:

BIOS frequency limitation:
<Not Available>
Frequency switch latency (ns):
0
Available cpu frequencies:
<Not Available>
Current governor:
powersave
Core performance/turbo boost:
<Not Available>

Memory: 4k page, physical 131115212k(113122092k free), swap 2097148k(2097148k free)

vm_info: OpenJDK 64-Bit Server VM (11.0.13+8) for linux-amd64 JRE (11.0.13+8), built on Oct 19 2021 22:15:56 by "" with gcc 7.5.0

END.
